channel_name,real_name,category,URL,channel_id,Twitter Handle,Platform,quality_of_scrape,flair,kind_of_channel
Cryptonites,SwissBorg,crypto,https://www.youtube.com/c/Cryptonites/featured,Cryptonites,@CryptonitesTV,YouTube,dead scrape,,
Crypt0,Omar Bham,crypto,https://www.youtube.com/c/Crypt0/featured,Crypt0,@crypt0snews,YouTube,dead scrape,,
ExpertOption,,stocks,https://www.youtube.com/c/ExpertOption/featured,ExpertOption,@ExpertOption,YouTube,dead scrape,,
Ivan on Tech,ivan-liljeqvist,crypto,https://www.youtube.com/c/IvanonTech/featured,IvanonTech,@IvanOnTech,YouTube,dead scrape,,
Louis Thomas,Louis Thomas,crypto,https://www.youtube.com/channel/UCpceefaJ9vs4RYUTsO9Y3FA,UCpceefaJ9vs4RYUTsO9Y3FA,@LouisThomasYT,YouTube,dead scrape,,
Plot11,Amogo Networx,crypto,https://www.youtube.com/channel/UC316GY-U17BkwN8D7oKM0iw,UC316GY-U17BkwN8D7oKM0iw,"@Plot11com",YouTube,dead scrape,,
Crypto Love,Randall,crypto,https://www.youtube.com/c/CryptoLove/featured,CryptoLove,@TheCryptoLove,YouTube,dead scrape,,
Davincij15,Davin,crypto,https://www.youtube.com/user/davincij15/featured,davincij15,@Davincij15,YouTube,dead scrape,,
Coin Bureau,Coin Bureau,crypto,https://www.youtube.com/channel/UCqK_GSMbpiV8spgD3ZGloSw,UCqK_GSMbpiV8spgD3ZGloSw,@coinbureau,YouTube,dead scrape,,
Mining Chamber,Aguila Tech,crypto,https://www.youtube.com/channel/UC1dH33m7DoQxS4cSZ4Vs5hg,UC1dH33m7DoQxS4cSZ4Vs5hg,@MiningChamber,YouTube,dead scrape,,
Crypto Tips,LBRY,crypto,https://www.youtube.com/channel/UCavTvSwEoRABvnPtLg0e6LQ,UCavTvSwEoRABvnPtLg0e6LQ,@CryptoTipsEU,YouTube,dead scrape,,
Fliptroniks,,crypto,https://www.youtube.com/user/fliptroniks1/featured,fliptroniks1,@fliptroniks,YouTube,dead scrape,,
Informed Few,,crypto,https://www.youtube.com/channel/UCuF1-1VWahVIFQVmum_O3Ug/featured,UCuF1-1VWahVIFQVmum_O3Ug,@InformedinSport,YouTube,dead scrape,,
Illuminati Silver,Richard Greg,crypto,https://www.youtube.com/c/IlluminatiSilver/featured,IlluminatiSilver,@illuminatisilv1,YouTube,dead scrape,,
MXC Foundation,Aaron Wagener,crypto,https://www.youtube.com/c/MXCFoundation/featured,MXCFoundation,"@MXCfoundation",YouTube,dead scrape,,
The Cryptoviser,cardanesia,crypto,https://www.youtube.com/channel/UCq41LOyktVBW_CaVi2WKKXw,UCq41LOyktVBW_CaVi2WKKXw,@TheCryptoviser,YouTube,dead scrape,,
Crypto Fiend,Heather K - Crowbooking,crypto,https://www.youtube.com/channel/UCP0eOsRprYqsvn33ZlZocEQ,UCP0eOsRprYqsvn33ZlZocEQ,@RyanRotolo,YouTube,dead scrape,,
The Bitcoin Family,Didi Taihuttu,crypto,https://www.youtube.com/c/TheBitcoinfamily/featured,TheBitcoinfamily,@yolofamtravel,YouTube,dead scrape,,
Preston Pysh,Preston,crypto,https://www.youtube.com/c/PrestonPysh/featured,PrestonPysh,@PrestonPysh,YouTube,dead scrape,,
Young And Investing,Quinten ,crypto,https://www.youtube.com/c/YoungInvesting/featured,YoungInvesting,@QuintenFrancois,YouTube,dead scrape,,
Moon Lambo,Moon Lambo,crypto,https://www.youtube.com/channel/UCf3Vlkhhxrwr3A8IYN8KVkw,UCf3Vlkhhxrwr3A8IYN8KVkw,@MoonLamboio,YouTube,dead scrape,,
Altcoin Daily ,Aaron and Austin,crypto,https://www.youtube.com/c/AltcoinDaily/featured,AltcoinDaily,@AltcoinDailyio,YouTube,dead scrape,,
Crypto Beadles,Lux Aeterna,crypto,https://www.youtube.com/channel/UCcE2GkGcKxHjZoMVM7tjmyA,UCcE2GkGcKxHjZoMVM7tjmyA,@CryptoBeadles,YouTube,dead scrape,,
Nugget's News,Alex Saunders,crypto,https://www.youtube.com/c/NuggetsNews/featured,NuggetsNews,@NuggetsNewsAU,YouTube,dead scrape,,
Chico Crypto,Tyler Swope,crypto,https://www.youtube.com/channel/UCHop-jpf-huVT1IYw79ymPw,UCHop-jpf-huVT1IYw79ymPw,@chicocrypto2,YouTube,dead scrape,,
Crypto Zombie,,crypto,https://www.youtube.com/channel/UCiUnrCUGCJTCC7KjuW493Ww,UCiUnrCUGCJTCC7KjuW493Ww,@TheCryptoZombie,YouTube,dead scrape,,
Thinking Crypto,Tony ,crypto,https://www.youtube.com/channel/UCjpkwsuHgYx9fBE0ojsJ_-w,UCjpkwsuHgYx9fBE0ojsJ_-w,,YouTube,dead scrape,,
Samuel Leach,Samuel,stocks,https://www.youtube.com/c/SamuelLeach/featured,SamuelLeach,@samuelleachfx,YouTube,dead scrape,,
Binance,,crypto,https://www.youtube.com/c/BinanceYoutube/featured,BinanceYoutube,@binance,YouTube,dead scrape,,
K Crypto,,crypto,https://www.youtube.com/channel/UCeFTwAO3Y6cYLoLkDcqyHmg,UCeFTwAO3Y6cYLoLkDcqyHmg,@Coachkcrypto,YouTube,dead scrape,,
Crypto News Alerts,,crypto,https://www.youtube.com/c/CryptoNewsAlerts/featured,CryptoNewsAlerts,@CryptoNewsYes,YouTube,dead scrape,,
Web Mastermind I Crypto सिटी,ANSHU ,crypto,https://www.youtube.com/channel/UCAxFbY0Xqvd67GwVGFrJI8Q,UCAxFbY0Xqvd67GwVGFrJI8Q,,YouTube,dead scrape,,
Ameer Rosic,Ameer Rosic,crypto,https://www.youtube.com/c/AmeerRosic1/featured,AmeerRosic1,@AmeerRosic,YouTube,dead scrape,,
BitBoy Crypto,BitBoy Crypto,crypto,https://www.youtube.com/channel/UCjemQfjaXAzA-95RKoy9n_g,UCjemQfjaXAzA-95RKoy9n_g,BitBoy Crypto,YouTube,dead scrape,,
Crypto Vel,PRANJAL SHARMA,crypto,https://www.youtube.com/channel/UCWjY3febHnZN6U0VjXaTylg,UCWjY3febHnZN6U0VjXaTylg,@cryptovelps,YouTube,dead scrape,,
Cointelegraph,,crypto,https://www.youtube.com/channel/UCRqBu-grVX1p97WaX4d-OuQ,UCRqBu-grVX1p97WaX4d-OuQ,@Cointelegraph,YouTube,dead scrape,,
CryptoCake,Steve Slome,crypto,https://www.youtube.com/channel/UClhH1jBUJDBsDMB7xe5D-mA,UClhH1jBUJDBsDMB7xe5D-mA,@CryptoCakeTV,YouTube,dead scrape,,
The BitHope Foundation,,crypto,https://www.youtube.com/channel/UCXQibn4TQ83FAGSon1AHwhw/featured,UCXQibn4TQ83FAGSon1AHwhw,@BitHopeOrg,YouTube,dead scrape,,
Aimstone,,crypto,https://www.youtube.com/c/Aimstone/featured,Aimstone,@aimstone,YouTube,dead scrape,,
Bitcoin Expert India,Pankaj Tanwar,crypto,https://www.youtube.com/channel/UCr8uEbKAxiX0dVDejI0nufw,UCr8uEbKAxiX0dVDejI0nufw,@Btcexpertindia,YouTube,dead scrape,,
Crypto Daily,Cameron.,crypto,https://www.youtube.com/channel/UC67AEEecqFEc92nVvcqKdhA,UC67AEEecqFEc92nVvcqKdhA,@Crypto_Daily,YouTube,dead scrape,,
Bitcoin for Beginners,Kevin Ting,crypto,https://www.youtube.com/channel/UCi7egjf0JDHuhznWugXq4hA,UCi7egjf0JDHuhznWugXq4hA,@btcforbeginners,YouTube,dead scrape,,
Crypto Nobes,,crypto,https://www.youtube.com/channel/UCktPSMbJci9uuZME7SJ4rDg,UCktPSMbJci9uuZME7SJ4rDg,@CryptoNobes,YouTube,dead scrape,,
CryptoCoinShow,Ashton Addison,crypto,https://www.youtube.com/channel/UC1ULGWsmJNqbNbMJ1MdNRjQ,UC1ULGWsmJNqbNbMJ1MdNRjQ,@CryptoCoinShow,YouTube,dead scrape,,
99Bitcoins,Ofir Beigel,crypto,https://www.youtube.com/channel/UCQQ_fGcMDxlKre3SEqEWrLA,UCQQ_fGcMDxlKre3SEqEWrLA,@99BitcoinsHQ,YouTube,dead scrape,,
Faares Q,Faares Quadri,crypto,https://www.youtube.com/channel/UCejoTyCljURHcX7wdkXGRXA/featured,UCejoTyCljURHcX7wdkXGRXA,@xlr3d,YouTube,dead scrape,,
Andrei Jikh,Andrei Jikh,crypto,https://www.youtube.com/c/AndreiJikh/featured,AndreiJikh,@andreijikh,YouTube,dead scrape,,
Sheldon Evans,Sheldon Evans,crypto,https://www.youtube.com/c/SheldonEvansx/featured,SheldonEvansx,@SheldonEvans,YouTube,recommended,,
CryptosRUs,George Tung,crypto,https://www.youtube.com/channel/UCI7M65p3A-D3P4v5qW8POxQ,UCI7M65p3A-D3P4v5qW8POxQ,@CryptosR_Us,YouTube,dead scrape,,
Crypto Casey,Casey Henry,crypto,https://www.youtube.com/channel/UCi7RBPfTtRkVchV6qO8PUzg,UCi7RBPfTtRkVchV6qO8PUzg,@cryptocasey,YouTube,dead scrape,,
Crypto FOMO,FOMO,crypto,https://www.youtube.com/channel/UCEkMw4VvKETiw2W1Qk1q1HA,UCEkMw4VvKETiw2W1Qk1q1HA,@thecryptofomo,YouTube,dead scrape,,
JRNY Crypto,,crypto,https://www.youtube.com/channel/UC188KLMYLLGqVJZdYq7mYFw,UC188KLMYLLGqVJZdYq7mYFw,@JRNYcrypto,YouTube,dead scrape,,
Crypto Mobster,Learning Crypto,crypto,https://www.youtube.com/channel/UCjJ90kZCcv5oTSeqJLlFyqA,UCjJ90kZCcv5oTSeqJLlFyqA,@CryptoMobsterYT,YouTube,dead scrape,,
Imba Trader,,crypto,https://www.youtube.com/c/ImbaTrader/featured,ImbaTrader,@imbatradesolutn,YouTube,dead scrape,,
Mitch Ray,Mitch Ray,crypto,https://www.youtube.com/c/MitchRayTA/featured,MitchRayTA,@MitchRayTA,YouTube,dead scrape,,
That Martini Guy,,crypto,https://www.youtube.com/c/ThatMartiniGuy/featured,ThatMartiniGuy,@MartiniGuyYT,YouTube,dead scrape,,
Charlie Chang,Charlie,crypto,https://www.youtube.com/c/CharlieChang/featured,CharlieChang,@CharmanderChang,YouTube,dead scrape,,
CryptoRevolution,Chris and Christopher,crypto,https://www.youtube.com/channel/UCiS4L2Gelx9BaOQ2UPXsDGg,UCiS4L2Gelx9BaOQ2UPXsDGg,@CryptoRevoluti5,YouTube,dead scrape,,
Crypto Capital Venture,,crypto,https://www.youtube.com/channel/UCnMku7J_UtwlcSfZlIuQ3Kw,UCnMku7J_UtwlcSfZlIuQ3Kw,@cryptorecruitr,YouTube,dead scrape,,
Crypto Rover,,crypto,https://www.youtube.com/channel/UCoUcIy0SWXXIhzWgJNdMoFQ,UCoUcIy0SWXXIhzWgJNdMoFQ,@RoverCrypto,YouTube,dead scrape,,
MMCrypto,Christopher Jaszczynski,crypto,https://www.youtube.com/channel/UCBkGMys0mYl3Myxh3CTsASA,UCBkGMys0mYl3Myxh3CTsASA,@MMCRPTO,YouTube,dead scrape,,
GoldSilver (w/ Mike Maloney),Mike Maloney,crypto,https://www.youtube.com/c/Goldsilver/featured,Goldsilver,@mike_maloney,YouTube,dead scrape,,
CryptoBusy,,crypto,https://www.youtube.com/channel/UCBLftV9ZsgTxoMZWPfIUKGw,UCBLftV9ZsgTxoMZWPfIUKGw,@CryptoBusy,YouTube,dead scrape,,
Blockchain Backer,,crypto,https://www.youtube.com/channel/UCia6oYbLKo8fLOguATpACmA,UCia6oYbLKo8fLOguATpACmA,@BCBacker,YouTube,dead scrape,,
VoskCoin,,crypto,https://www.youtube.com/channel/UCT44w6854K62cSiwA1aiXfw,UCT44w6854K62cSiwA1aiXfw,@VoskCoin,YouTube,dead scrape,,
BITCOIN DUNIYA,,crypto,https://www.youtube.com/channel/UCK34YpSdXdCoCDSyffdIWNg,UCK34YpSdXdCoCDSyffdIWNg,@BitcoinDuniya,YouTube,dead scrape,,
Crypto Oracle,,crypto,https://www.youtube.com/channel/UCEBRZGYDGPDUUDOJ9pX3tPg,UCEBRZGYDGPDUUDOJ9pX3tPg,@Crypto___Oracle,YouTube,dead scrape,,
Crypto Coins,,crypto,https://www.youtube.com/channel/UCUqU56tqhlGDrMGgrQrE5AQ,UCUqU56tqhlGDrMGgrQrE5AQ,,YouTube,dead scrape,,
Bitcoin atbp Pinas Tube,,crypto,https://www.youtube.com/c/BitcoinatbpPinasTube/featured,BitcoinatbpPinasTube,,YouTube,dead scrape,,
DataDash,,crypto,https://www.youtube.com/c/DataDash/featured,DataDash,@datadash,YouTube,dead scrape,,
Cheeky Crypto,,crypto,https://www.youtube.com/channel/UCd4Ys__EL_gbJrYq6JscrAw,UCd4Ys__EL_gbJrYq6JscrAw,@CheekyCrypto,YouTube,dead scrape,,
Crypto Bobby,,crypto,https://www.youtube.com/channel/UCt_oM56Ui0BCCgi0Yc-Wh3Q,UCt_oM56Ui0BCCgi0Yc-Wh3Q,@crypto_bobby,YouTube,dead scrape,,
MDX Crypto,,crypto,https://www.youtube.com/user/Beanfield123,Beanfield123,@MDXcrypto,YouTube,dead scrape,,
Satoshi Stacked,,crypto,https://www.youtube.com/channel/UCcGBnV5WMhZvjpGPmHDXTlA/featured,UCcGBnV5WMhZvjpGPmHDXTlA/featured,@StackerSatoshi,YouTube,dead scrape,,
Bitcoin.com - Official Channel,,crypto,https://www.youtube.com/channel/UCetxkZolEBHX47BqtZktbkg,UCetxkZolEBHX47BqtZktbkg,@BitcoinCom,YouTube,dead scrape,,
Cryptocurrency Youtuber,,crypto,https://www.youtube.com/channel/UCKoxx_QWxARSzmIFCNT-BzQ,UCKoxx_QWxARSzmIFCNT-BzQ,,YouTube,dead scrape,,
Crypto India I क्रिप्टो इंडिया,,crypto,https://www.youtube.com/channel/UCei4XXULXDpbhJIpevHZbqA,UCei4XXULXDpbhJIpevHZbqA,@CryptooIndia,YouTube,dead scrape,,
HyperClips,,crypto,https://www.youtube.com/c/HyperClips/featured,HyperClips,@realMeetKevin,YouTube,dead scrape,,
Meet Kevin ,,crypto,https://www.youtube.com/channel/UCUvvj5lwue7PspotMDjk5UA,UCUvvj5lwue7PspotMDjk5UA,@realMeetKevin,YouTube,dead scrape,,
a16z,Andreessen Horowitz,crypto,https://www.youtube.com/channel/UC9cn0TuPq4dnbTY-CBsm8XA,UC9cn0TuPq4dnbTY-CBsm8XA,@a16z,YouTube,dead scrape,,
CryptoTamil,Manoharan Ramachandran,crypto,https://www.youtube.com/channel/UCyhvw_nJtkbrB8uEfyjhK6w,UCyhvw_nJtkbrB8uEfyjhK6w,@CryptoTamil,YouTube,dead scrape,,
Dirk Crypto Diggy,Dirk Diggy,crypto,https://www.youtube.com/channel/UCRF2-5W_uwflhpj6Hf6r4Jw,UCRF2-5W_uwflhpj6Hf6r4Jw,@dirkcryptodiggy,YouTube,dead scrape,,
Coinbase,,crypto,https://www.youtube.com/channel/UCofTOFX4QuhT8OY-3-fFRFw,UCofTOFX4QuhT8OY-3-fFRFw,@coinbase,YouTube,dead scrape,,
Exodus Wallet,Daniel Castagnoli,crypto,https://www.youtube.com/channel/UCpwUeFzkWEEduSoxpiI1UsA,UCpwUeFzkWEEduSoxpiI1UsA,@exodus_io,YouTube,dead scrape,,
Crypto Face,,crypto,https://www.youtube.com/c/CryptoFace/featured,CryptoFace,@The_Crypto_Face,YouTube,dead scrape,,
CryptoNewton,,crypto,https://www.youtube.com/channel/UC4aEpoFQgCUpSBm7sQr0GBw,UC4aEpoFQgCUpSBm7sQr0GBw,@CryptoNewton,YouTube,dead scrape,,
Crypto Market News,,crypto,https://www.youtube.com/channel/UC62xYL7JHnGa-kZUI9h7Vcw,UC62xYL7JHnGa-kZUI9h7Vcw,@Cointelegraph,YouTube,dead scrape,,
Bitcoin Events,Sonya Kuhnel,crypto,https://www.youtube.com/channel/UCni7PAlyNS0_12H-26DJJ3w,UCni7PAlyNS0_12H-26DJJ3w,@TopCryptoEvents,YouTube,dead scrape,,
Tom Heavey,Tom Heavey,crypto,https://www.youtube.com/c/TomHeaveyInvesting/featured,TomHeaveyInvesting,@TomHeavey_,YouTube,dead scrape,,
Aaron Bennett,Aaron Bennett,crypto,https://www.youtube.com/channel/UClligjElCFsLFBsN3ylishg/featured,UClligjElCFsLFBsN3ylishg,@_aaronbennett,YouTube,dead scrape,,
Forflies ,Dan Reeves,crypto,https://www.youtube.com/channel/UCVIOA9XqMtMUk8U-IF-dSYA,UCVIOA9XqMtMUk8U-IF-dSYA,,YouTube,dead scrape,,
ILCoin Cryptocurrency,,crypto,https://www.youtube.com/channel/UCUwnnpGppuh6O9VPXajM67Q,UCUwnnpGppuh6O9VPXajM67Q,@Ilcoin_B_P,YouTube,dead scrape,,
CoinsBank,Tatiana Rocheva,crypto,https://www.youtube.com/c/CoinsBank/featured,CoinsBank,@CoinsBank,YouTube,dead scrape,,
crypto Eri,Crypto Eri,crypto,https://www.youtube.com/channel/UCfcuwyq5HVvFvQS17OhQK8w,UCfcuwyq5HVvFvQS17OhQK8w,@sentosumosaba,YouTube,dead scrape,,
Crypto Bros,,crypto,https://www.youtube.com/channel/UCvOngsrt4gc9wemOGHCRRIg,UCvOngsrt4gc9wemOGHCRRIg,@CryptoBros,YouTube,dead scrape,,
Satoshi Stacker,,crypto,https://www.youtube.com/channel/UCGDjpwZV-bU-sLSnhInCfKQ,UCGDjpwZV-bU-sLSnhInCfKQ,@StackerSatoshi,YouTube,dead scrape,,
CryptoEmcee,Eugene Romanenko,crypto,https://www.youtube.com/c/CryptoEmCee/featured,CryptoEmCee,,YouTube,dead scrape,,
Crypto Resources,Kia kaha,crypto,https://www.youtube.com/channel/UCK5KFgnF0IQA7469T68FF-Q,UCK5KFgnF0IQA7469T68FF-Q,@Crypto_Resource,YouTube,dead scrape,,
T9schools,,crypto,https://www.youtube.com/channel/UCspv8JI0ljVSwqEJuIPQLYA/featured,UCspv8JI0ljVSwqEJuIPQLYA/featured,@T9schools,YouTube,dead scrape,,
Andrei Jikh ,Andrei Jikh ,crypto,https://www.youtube.com/c/AndreiJikh/featured,AndreiJikh,@andreijikh,YouTube,dead scrape,,
Crypto Kirby Trading,,crypto,https://www.youtube.com/channel/UCOaew10hdmtfa0MinTjOBqg,UCOaew10hdmtfa0MinTjOBqg,@CryptoKirby,YouTube,dead scrape,,
FX Empire,Rotem Amar,crypto,https://www.youtube.com/c/Fxempirenetwork/featured,Fxempirenetwork,@FXEmpirecom,YouTube,dead scrape,,
Jason Pizzino,Jason Pizzino,crypto,https://www.youtube.com/c/JasonPizzinoOfficial/featured,JasonPizzinoOfficial,@jasonpizzino,YouTube,dead scrape,,
Cooper Academy,Sven Carlin,crypto,https://www.youtube.com/channel/UCmHm0w-JJfC2Ll1Of_WObAQ,UCmHm0w-JJfC2Ll1Of_WObAQ,@cooperrockets,YouTube,dead scrape,,
Lark Davis,Lark Davis,crypto,https://www.youtube.com/channel/UCl2oCaw8hdR_kbqyqd2klIA,,@TheCryptoLark,YouTube,dead scrape,,
Craig Percoco,Craig Percoco,crypto,https://www.youtube.com/channel/UCL-QLzGmf468WAL1U-9g0qA,UCL-QLzGmf468WAL1U-9g0qA,@craig_percoco,YouTube,dead scrape,,
Moocharoo,Moocharoo Gillott,crypto,https://www.youtube.com/channel/UCHO7H8Cd0nbjqcAuPEipbng,UCHO7H8Cd0nbjqcAuPEipbng,@bengillot11,YouTube,dead scrape,,
Tube Guru,,crypto,https://www.youtube.com/channel/UCmJ5acIV783lvmL18lJ1pbw,UCmJ5acIV783lvmL18lJ1pbw,@tube_guru,YouTube,dead scrape,,
Koroush AK,,crypto,https://www.youtube.com/c/Koroushak/featured,Koroushak,@KoroushAK,YouTube,dead scrape,,
Marvin Favis,,crypto,https://www.youtube.com/channel/UC8ERP-J9QfekR_c7EpLnFIQ,UC8ERP-J9QfekR_c7EpLnFIQ,@MarvinGFavis,YouTube,dead scrape,,
Crypto Michaël,,crypto,https://www.youtube.com/channel/UCtvdzJWoDKL1LOewU5ADJIQ,UCtvdzJWoDKL1LOewU5ADJIQ,@CryptoMichNL,YouTube,dead scrape,,
VisionAlgo,,crypto,https://www.youtube.com/watch?v=p6HnYX8iouM,,@VisionAlgo,YouTube,dead scrape,,
Eddie Moon,,crypto,https://www.youtube.com/watch?v=JljqTsJOssc,,@Eddy_Moon,YouTube,dead scrape,,
Boxmining,,crypto,https://www.youtube.com/watch?v=HnER90o_FFg,watch?v=HnER90o_FFg,@boxmining,YouTube,dead scrape,,
Mike Winnet,Mike Winnet,crypto,https://www.youtube.com/watch?v=gxgrg0L7Ico,,@mike_winnet,YouTube,dead scrape,,
Altcoin Daily,,crypto,https://www.youtube.com/watch?v=gBy3a3ogLk0,,@AltcoinDailyio,YouTube,dead scrape,,
The Moon,,crypto,https://www.youtube.com/watch?v=NIiZWOA-7xQ,,@TheMoonCarl,YouTube,dead scrape,,
Benjamin Cowen,,crypto,https://www.youtube.com/channel/UCRvqjQPSeaWn-uEx-w0XOIg,UCRvqjQPSeaWn-uEx-w0XOIg,@intocryptoverse,YouTube,dead scrape,,
Traders Reality,,crypto,https://www.youtube.com/watch?v=cR48QYrM-gs,,@Tradersreality,YouTube,dead scrape,,
BitcoinHyper,,crypto,https://www.youtube.com/watch?v=7Eoco4Aq_ho,,@BitcoinHypers,YouTube,dead scrape,,
High Altitude Investing,,crypto,https://www.youtube.com/watch?v=VQ519TS_UYE,,@HighAltitudeInv,YouTube,dead scrape,,
Earn With RK,,crypto,https://www.youtube.com/channel/UCHbzxPstXVVGe3KMj0-xZ7A,UCHbzxPstXVVGe3KMj0-xZ7A,@earnwithrk,YouTube,dead scrape,,
MoneyZG,,crypto,https://www.youtube.com/watch?v=cR2fNvgw-XQ,,@money_zg,YouTube,dead scrape,,
Tyler S,,crypto,https://www.youtube.com/watch?v=U-aYCgyVv20,,@TylerSCrypto,YouTube,dead scrape,,
CryptoTrader Tax,,crypto,https://www.youtube.com/channel/UCFSHCk0kap5Y8aWyAQau8YQ,UCFSHCk0kap5Y8aWyAQau8YQ,@CryptoTraderTax,YouTube,dead scrape,,
Crypto Anup,,crypto,https://www.youtube.com/channel/UCY7zYMsiIAA_sP1mY--I23Q,UCY7zYMsiIAA_sP1mY--I23Q,@CryptoAnup,YouTube,dead scrape,,
Ternio,,crypto,https://www.youtube.com/channel/UCqNyT4SjTzsJ1FF2dpUI_TA,UCqNyT4SjTzsJ1FF2dpUI_TA,@terniotoken,YouTube,dead scrape,,
Jamie Tree,,crypto,https://www.youtube.com/channel/UCWZg7FTpyFB9lSpk-_cVr3Q,UCWZg7FTpyFB9lSpk-_cVr3Q,@JaminTree,YouTube,dead scrape,,
The Modern Investor,,crypto,https://www.youtube.com/c/TheModernInvestor/featured,TheModernInvestor,@ModernInvest,YouTube,dead scrape,,
Dhruv Rathee,,crypto,https://www.youtube.com/channel/UC-CSyyi47VX1lD9zyeABW3w,UC-CSyyi47VX1lD9zyeABW3w,@dhruv_rathee,YouTube,dead scrape,,
Currency.com. Official Channel,,crypto,https://www.youtube.com/channel/UCIDRTg-QnKR9ljOKjNO6oHg,UCIDRTg-QnKR9ljOKjNO6oHg,@CurrencyCom,YouTube,dead scrape,,
Keiths Crypto Trades,,crypto,https://www.youtube.com/channel/UCTv7ujtuD0D1c45Ebm2RVeA,UCTv7ujtuD0D1c45Ebm2RVeA,@officiallykeith,YouTube,dead scrape,,
Libertex Trading Official,,crypto,https://www.youtube.com/channel/UC3bsfQMKbfXxIRup8IRM-dw,UC3bsfQMKbfXxIRup8IRM-dw,@libertex_europe,YouTube,dead scrape,,
Coin Trades,,crypto,https://www.youtube.com/watch?v=KoxP1wYq_7k,,@coin_trades,YouTube,dead scrape,,
CoinsKid,,crypto,https://www.youtube.com/channel/UCeBbEvlSOeJMwSVYOdXOvvw,UCeBbEvlSOeJMwSVYOdXOvvw,@tomskiweb,YouTube,dead scrape,,
Innovation Markets,,crypto,https://www.youtube.com/channel/UC-1JoaCfNH4EVRqAulkyLVg,UC-1JoaCfNH4EVRqAulkyLVg,@InnovationMrkts,YouTube,dead scrape,,
Stansberry Research,,crypto,https://www.youtube.com/channel/UCVgL_VeHteGecp5nn0NRztQ,UCVgL_VeHteGecp5nn0NRztQ,@Stansberry,YouTube,dead scrape,,
EllioTrades Crypto,,crypto,https://www.youtube.com/channel/UCMtJYS0PrtiUwlk6zjGDEMA,UCMtJYS0PrtiUwlk6zjGDEMA,@elliotrades,YouTube,dead scrape,,
Blockgeeks,,crypto,https://www.youtube.com/channel/UCd8CDrm6rvwBZc6g7BYAkfQ,UCd8CDrm6rvwBZc6g7BYAkfQ,Blockgeeks,YouTube,dead scrape,,
Target Hit,,crypto,https://www.youtube.com/channel/UCnXWZX1RSjXGp1IDX0k4SMQ,UCnXWZX1RSjXGp1IDX0k4SMQ,@TargetHitRick,YouTube,dead scrape,,
Naeem,Naeem Al-Obaidi,crypto,https://www.youtube.com/channel/UC6h_OUjXHhCtRCEir1hpLyw,UC6h_OUjXHhCtRCEir1hpLyw,@ShSalmanNaeem,YouTube,dead scrape,,
Crypto Advisor,,crypto,https://www.youtube.com/channel/UCH_pZInbx2334wmUfjwUE_A,UCH_pZInbx2334wmUfjwUE_A,@Bitcoin_Trading,YouTube,dead scrape,,
sunny decree,,crypto,https://www.youtube.com/channel/UCjXdoICJ4KXHuDIEFYfBgHw,UCjXdoICJ4KXHuDIEFYfBgHw,@sunnydecree,YouTube,dead scrape,,
Kevin Svenson Crypto,,crypto,https://www.youtube.com/channel/UCVTbGN6Hzi4sSAz1bKHiDiQ,UCVTbGN6Hzi4sSAz1bKHiDiQ,@KevinSvenson_,YouTube,dead scrape,,
Token Metrics,,crypto,https://www.youtube.com/channel/UCH9MOLQ_KUpZ_cw8uLGUisA,UCH9MOLQ_KUpZ_cw8uLGUisA,@tokenmetricsinc,YouTube,dead scrape,,
Chris Dunn,,crypto,https://www.youtube.com/channel/UCdC3h2m88FC02Yw-A_VESRQ,UCdC3h2m88FC02Yw-A_VESRQ,@ChrisDunnTV,YouTube,dead scrape,,
TVC News,,crypto,https://www.youtube.com/channel/UC5zqLNazArotJH7Y08DEigQ,UC5zqLNazArotJH7Y08DEigQ,@tvcnewsng,YouTube,dead scrape,,
Ian Balina,Ian Balina,crypto,https://www.youtube.com/channel/UCT5IB8qqnIolnkuUj8a1kEQ,UCT5IB8qqnIolnkuUj8a1kEQ,@DiaryofaMadeMan,YouTube,dead scrape,,
Alux.com,,crypto,https://www.youtube.com/channel/UCNjPtOCvMrKY5eLwr_-7eUg,UCNjPtOCvMrKY5eLwr_-7eUg,@aluxcom,YouTube,dead scrape,,
Coin Post,,crypto,https://www.youtube.com/channel/UCZ9AOLb99ZTh55HXCKsvXMA,UCZ9AOLb99ZTh55HXCKsvXMA,  @CoinDesk,YouTube,dead scrape,,
Jose Nunes,Jose Nunes,crypto,https://www.youtube.com/channel/UCFwx0XHg_VwK6TF9AbGvGbA,channel/UCFwx0XHg_VwK6TF9AbGvGbA,@ct1boh,YouTube,dead scrape,,
Beau Stoner,,crypto,https://www.youtube.com/channel/UCVQJXvrcil-95HcnSiUjNmg,UCVQJXvrcil-95HcnSiUjNmg,@BeauStoner,YouTube,dead scrape,,
Cryptobud,,crypto,https://www.youtube.com/channel/UCAEktd4wejD_N4aPyDPD3zw,UCAEktd4wejD_N4aPyDPD3zw,@cbudtech,YouTube,dead scrape,,
Kaizen Crypto,,crypto,https://www.youtube.com/channel/UCyf3zGnYK9jcF_mlRc_ztEA,UCyf3zGnYK9jcF_mlRc_ztEA,@KaizenCrypto,YouTube,dead scrape,,
InvestAnswers,,crypto,https://www.youtube.com/channel/UClgJyzwGs-GyaNxUHcLZrkg,UClgJyzwGs-GyaNxUHcLZrkg,@usfjx,YouTube,dead scrape,,
The Clever Millionaire,,crypto,https://www.youtube.com/channel/UCQ80iBjjIST9VmL8h2MUylw,UCQ80iBjjIST9VmL8h2MUylw,@SenadTCM,YouTube,dead scrape,,
Mr Kristof,Kris,crypto,https://www.youtube.com/channel/UCFv_fMg2ENc2_6qWmy5I4nQ,UCFv_fMg2ENc2_6qWmy5I4nQ,@mr_kristof007,YouTube,dead scrape,,
Cripto Avances,,crypto,https://www.youtube.com/channel/UCgbrVy4r4hLOb4XzRRKRUXQ,UCgbrVy4r4hLOb4XzRRKRUXQ,,YouTube,dead scrape,,
Islamic Finance Guru,Ibrahim & Mohsin,crypto,https://www.youtube.com/channel/UCfK3eYK0Wq5-dcFPJtwSHOA,UCfK3eYK0Wq5-dcFPJtwSHOA,@IFguru,YouTube,dead scrape,,
VietMaxim,,crypto,https://www.youtube.com/channel/UCrmTlQeRECe8ZihjDgAXysQ,UCrmTlQeRECe8ZihjDgAXysQ,,YouTube,dead scrape,,
Chart Champions,,crypto,https://www.youtube.com/channel/UCHOP_YfwdMk5hpxbugzC1wA,UCHOP_YfwdMk5hpxbugzC1wA,@chartchampions1,YouTube,dead scrape,,
Finstreet,,crypto,https://www.youtube.com/channel/UC9uE3NWbpg09xN8H5pmT4gQ,UC9uE3NWbpg09xN8H5pmT4gQ,@finstreetsimsr,YouTube,dead scrape,,
Arcane Bear,,crypto,https://www.youtube.com/channel/UCPpo9YgJsEwoN0nB-VTF7Tw,UCPpo9YgJsEwoN0nB-VTF7Tw,@thearcanebear,YouTube,dead scrape,,
Hashoshi,,crypto,https://www.youtube.com/channel/UCQNHKsYDGlWefzv9MAaOJGA,UCQNHKsYDGlWefzv9MAaOJGA,@hashoshi4,YouTube,dead scrape,,
Scott Melker,,crypto,https://www.youtube.com/channel/UCxIU1RFIdDpvA8VOITswQ1A,UCxIU1RFIdDpvA8VOITswQ1A,@scottmelker,YouTube,dead scrape,,
Enter The Crypto Matrix,,crypto,https://www.youtube.com/channel/UCefQC4Y-X9MBRuYBKc2waiQ,UCefQC4Y-X9MBRuYBKc2waiQ,"@CryptoMatrix2",YouTube,dead scrape,,
The Life of a Miner,,crypto,https://www.youtube.com/channel/UC9-tZ-xN3eeavJ-sMRpG4dw,UC9-tZ-xN3eeavJ-sMRpG4dw,@mining,YouTube,dead scrape,,
Anand Chennai2London,,crypto,https://www.youtube.com/channel/UCL6Wsx-3AW_jj7SOFtv3vrg,UCL6Wsx-3AW_jj7SOFtv3vrg,@chennai2london,YouTube,dead scrape,,
Vincent Briatore,Vincent Briatore aka,crypto,https://www.youtube.com/channel/UCs4Z_s2SngU_f4HpIz1o4mw,UCs4Z_s2SngU_f4HpIz1o4mw,@vincentbriatore,YouTube,dead scrape,,
CoinDesk,,crypto,https://www.youtube.com/channel/UC7TghOL755nBk7HelHoi9LQ,UC7TghOL755nBk7HelHoi9LQ,@CoinDesk,YouTube,dead scrape,,
Crypto Notes,Mohsin Ali,crypto,https://www.youtube.com/channel/UChwiV3-_Gu57hxZg1EGnpUA,UChwiV3-_Gu57hxZg1EGnpUA,@NotesCrypto,YouTube,dead scrape,,
Full Value Dan,,crypto,https://www.youtube.com/channel/UCw2NDyMltL29c3h4KkidOGg,UCw2NDyMltL29c3h4KkidOGg,,YouTube,dead scrape,,
Crypto Jebb,,crypto,https://www.youtube.com/channel/UCviqt5aaucA1jP3qFmorZLQ,UCviqt5aaucA1jP3qFmorZLQ,@CryptoJebb,YouTube,dead scrape,,
Richard Heart,,crypto,https://www.youtube.com/channel/UCta3TYFhzfpPvOtKBDifYJA,UCta3TYFhzfpPvOtKBDifYJA,@RichardHeartWin,YouTube,dead scrape,,
aantonop,,crypto,https://www.youtube.com/user/aantonop/videos,aantonop,@aantonop,YouTube,dead scrape,,
World Crypto Network,,crypto,https://www.youtube.com/user/WorldCryptoNetwork/videos,WorldCryptoNetwork,@WorldCryptoNet,YouTube,dead scrape,,
Trevon James,Trevon James,crypto,https://www.youtube.com/channel/UCWZbtMeOAb_qpEVUl551l7w/videos,UCWZbtMeOAb_qpEVUl551l7w,@BitcoinTre,YouTube,dead scrape,,
Peter Saddington,Peter Saddington,crypto,https://www.youtube.com/c/TheBitcoinLambo/featured,TheBitcoinLambo,@AgilePeter,YouTube,dead scrape,,
Ronaldo Silva - Bitcoin RS,,crypto,https://www.youtube.com/c/BitcoinRS/featured,BitcoinRS,@BitcoinRevelado,YouTube,dead scrape,,
Global Rashid,,crypto,https://www.youtube.com/c/GlobalRashid/featured,GlobalRashid,@globalrashid007,YouTube,dead scrape,,
Indodax,,crypto,https://www.youtube.com/c/Indodax/featured,Indodax,@indodax,YouTube,dead scrape,,
BTC Sessions,,crypto,https://www.youtube.com/c/BTCSessions/featured,BTCSessions,@BTCsessions,YouTube,dead scrape,,
Bitcoin Trading Challenge,,crypto,https://www.youtube.com/channel/UC-dLWl8etTtPSGdbbcYffGw/featured,UC-dLWl8etTtPSGdbbcYffGw,@BitcoinTrad3r,YouTube,dead scrape,,
Zebpay Cryptocurrency Exchange,ZebPay,crypto,https://www.youtube.com/c/Zebpay/featured,Zebpay,@zebpay,YouTube,dead scrape,,
Real-Crypto,,crypto,https://www.youtube.com/c/RealCrypto/featured,RealCrypto,@RealCryptoTrade,YouTube,dead scrape,,
BK Crypto Trader - The Boss of Bitcoin,BK Crypto,crypto,https://www.youtube.com/channel/UC-f5nPBEDyUBZz_jOPBwAfQ/featured,UC-f5nPBEDyUBZz_jOPBwAfQ,@bossofbitcoin,YouTube,dead scrape,,
Coinigy Bitcoin,Coinigy,crypto,https://www.youtube.com/c/Coinigy/featured,Coinigy,@Coinigy,YouTube,dead scrape,,
Bitcoin informant,,crypto,https://www.youtube.com/c/BitcoinInformant/featured,BitcoinInformant,@BTCInformant,YouTube,dead scrape,,
BitCoin Brasil,,crypto,https://www.youtube.com/channel/UCW-J60XdlowMtTb1cr31FEg/featured,UCW-J60XdlowMtTb1cr31FEg,@brbtcoficial,YouTube,dead scrape,,
WhalePool,,crypto,https://www.youtube.com/c/WhalePoolBTC/featured,WhalePoolBTC,"@whalepool",YouTube,dead scrape,,
Epicenter Podcast,,crypto,https://www.youtube.com/c/EpicenterPodcast/featured,EpicenterPodcast,@epicenterbtc,YouTube,dead scrape,,
BitcoinMeister,,crypto,https://www.youtube.com/c/BitcoinMeister/featured,BitcoinMeister,@TechBalt,YouTube,dead scrape,,
BTC-ECHO | Bitcoin News & Tutorials,,crypto,https://www.youtube.com/c/Btc-echoDe/featured,Btc-echoDe,@btcecho,YouTube,dead scrape,,
BitcoinChannel,JohnF,crypto,https://www.youtube.com/user/BitcoinChannel/featured,BitcoinChannel,@BitcoinChannel,YouTube,dead scrape,,
Tech Earnings,,crypto,https://www.youtube.com/c/TechBitcoin/featured,TechBitcoin,,YouTube,dead scrape,,
Crypto Shrimp,,crypto,https://www.youtube.com/c/CryptoShrimp/featured,CryptoShrimp,@shrimp_notice,YouTube,dead scrape,,
Amit Jain Bitcoin,,crypto,https://www.youtube.com/c/amitjainbitcoin/featured,amitjainbitcoin,@amitzen,YouTube,dead scrape,,
Bitcoin TV,,crypto,https://www.youtube.com/c/BitcoinTV/featured,BitcoinTV,@BitcoinTV__,YouTube,dead scrape,,
CoinCasso,CoinCasso,crypto,https://www.youtube.com/c/CoinCasso/featured,CoinCasso,@CoinCasso,YouTube,dead scrape,,
MadBitcoins,,crypto,https://www.youtube.com/c/Madbitcoins1/featured,Madbitcoins1,@MadBitcoins,YouTube,dead scrape,,
Passive Income Opportunities,,crypto,https://www.youtube.com/user/kay12355/featuredd,kay12355,@passiveincomei,YouTube,dead scrape,,
King Bitcoin Doubler,,crypto,https://www.youtube.com/c/KingBitcoinDoubler/featured,KingBitcoinDoubler,"@KingofBtc",YouTube,dead scrape,,
CYT-Crypto,,crypto,https://www.youtube.com/c/CYTCrypto/featured,CYTCrypto,@StevenAitchison,YouTube,dead scrape,,
Bitcoin Zone,,crypto,https://www.youtube.com/channel/UCm5lMq5Js_uvZgcHkhhEL8g/featured,UCm5lMq5Js_uvZgcHkhhEL8g,@zoneBTC,YouTube,dead scrape,,
Bitcoin POLSCY GÓRNICY,,crypto,https://www.youtube.com/channel/UCtnw4ve5W7mzKxyRa1FVABQ/featured,UCtnw4ve5W7mzKxyRa1FVABQ,@Bitcoin_org_pl,YouTube,dead scrape,,
Bitcoin is Simple,,crypto,https://www.youtube.com/c/BitcoinisSimple/featured,BitcoinisSimple,@KISBitcoin,YouTube,dead scrape,,
Bitcoin Benny,,crypto,https://www.youtube.com/c/BitcoinBenny/featured,BitcoinBenny,@bennydoda01,YouTube,dead scrape,,
Fat Pig Signals Bitcoin,,crypto,https://www.youtube.com/channel/UC1bmmMTAeiAWdAMsCS10Ylg/featured,UC1bmmMTAeiAWdAMsCS10Ylg,@fatpigsignals,YouTube,dead scrape,,
Bitcoin Nerd,,crypto,https://www.youtube.com/c/NerdBitcoin/featured,NerdBitcoin,@cryptonerd85,YouTube,dead scrape,,
Bitcoin XChange,,crypto,https://www.youtube.com/c/BitcoinXChange/featured,BitcoinXChange,@BitcoinComExch,YouTube,dead scrape,,
Cryptonauts,,crypto,https://www.youtube.com/channel/UCFBMJMfA6WcmoIOIb81JE0g,UCFBMJMfA6WcmoIOIb81JE0g,@CryptonautsShow,YouTube,dead scrape,,
Coin Mastery,,crypto,https://www.youtube.com/channel/UC4nXWTjZqK4bv7feoRntSog,UC4nXWTjZqK4bv7feoRntSog,@carterthomas,YouTube,dead scrape,,
Tone Vays,,crypto,https://www.youtube.com/c/tonevays/featured,tonevays,@ToneVays,YouTube,dead scrape,,
Altcoin Buzz,,crypto,https://www.youtube.com/c/AltcoinBuzz/featured,AltcoinBuzz,@Altcoinbuzzio,YouTube,dead scrape,,
Altcoin Buzz Ladies,,crypto,https://www.youtube.com/channel/UCxulvI2C9wUvvDDNS7S35fA,UCxulvI2C9wUvvDDNS7S35fA,@Altcoinbuzzio,YouTube,dead scrape,,
The Cryptoverse,,crypto,https://www.youtube.com/c/TheCryptoverse/featured,TheCryptoverse,@intocryptoverse,YouTube,dead scrape,,
Alpha Trades,,crypto,https://www.youtube.com/channel/UCRQkQ8YlIY2LlTWGjdo1Opw,UCRQkQ8YlIY2LlTWGjdo1Opw,@the_alphatrades,YouTube,dead scrape,,
King Crypto,,crypto,https://www.youtube.com/channel/UCr4fhWQmi7ZfGnLA6nmhNsQ,UCr4fhWQmi7ZfGnLA6nmhNsQ,@JBTheCryptoKing,YouTube,dead scrape,,
Chris Coney,,crypto,https://www.youtube.com/channel/UCG2B47YDBusjfuriaMoDxAQ/featured,UCG2B47YDBusjfuriaMoDxAQ/featured,@ChrisConeyInt,YouTube,dead scrape,,
Crush The Street,,crypto,https://www.youtube.com/channel/UCPe_oKuUv9PYACjay_Eztcw,UCPe_oKuUv9PYACjay_Eztcw,"@crushthemarket",YouTube,dead scrape,,
Crypto Ellis,,crypto,https://www.youtube.com/channel/UCPq95l8aOJBwiBm5eiFGZTA,UCPq95l8aOJBwiBm5eiFGZTA,@CryptoEllis,YouTube,dead scrape,,
Keith Wareing,,crypto,https://www.youtube.com/channel/UCPyknnkt0GLdulwAOx6zlFw,UCPyknnkt0GLdulwAOx6zlFw,@officiallykeith,YouTube,dead scrape,,
Scrembo Paul,Scrembo,crypto,https://www.youtube.com/channel/UCFRLkad3FXOJ5pyziEgDSTg,UCFRLkad3FXOJ5pyziEgDSTg,@scrembo88,YouTube,dead scrape,,
Charles Reviews,,crypto,https://www.youtube.com/channel/UCrsEzLxi1oxHr6xW9S5vSzg,UCrsEzLxi1oxHr6xW9S5vSzg,@CharlesReviews1,YouTube,dead scrape,,
Coin Crunch,,crypto,https://www.youtube.com/channel/UCXyrBCWaRJzHfOtnWaR47Qw,UCXyrBCWaRJzHfOtnWaR47Qw,@coincrunchin,YouTube,dead scrape,,
Xangle,Victoria Wong,crypto,https://www.youtube.com/channel/UCu1-oBOM-DzJ89o02Bx3XYw,UCu1-oBOM-DzJ89o02Bx3XYw,@Xangle_official,YouTube,dead scrape,,
Tony Tian,,crypto,https://www.youtube.com/channel/UCSBf2NKcG07xs_PTmpoax2w/featured,UCSBf2NKcG07xs_PTmpoax2w/featured,@tonytiankobe24,YouTube,dead scrape,,
Oh Hey Matty,,crypto,https://www.youtube.com/channel/UC3p3s3WJkEG56W275gGbQlw,UC3p3s3WJkEG56W275gGbQlw,@ItsMeOhHeyMatty,YouTube,dead scrape,,
Cryptopedia,,crypto,https://www.youtube.com/channel/UCqnijLutORRdT79AtNsAQPQ,UCqnijLutORRdT79AtNsAQPQ,@CryptopediaCast,YouTube,dead scrape,,
Maksym V,,crypto,https://www.youtube.com/c/ICOExpert/featured,ICOExpert,@v_maksym,YouTube,dead scrape,,
Node Investor,,crypto,https://www.youtube.com/c/NodeInvestor/featured,NodeInvestor,@NodeInvestor,YouTube,dead scrape,,
Crypto Chemist,,crypto,https://www.youtube.com/channel/UC5UWwxaa0-ybl6jfF6ZiJkA,UC5UWwxaa0-ybl6jfF6ZiJkA,@CryptoChemistry,YouTube,dead scrape,,
CryptoJack,,crypto,https://www.youtube.com/channel/UCBjrrP9frGRuRwoAJ4RQdag,UCBjrrP9frGRuRwoAJ4RQdag,@CryptoJack2,YouTube,dead scrape,,
Professor Crypto,,crypto,https://www.youtube.com/channel/UCaWPscYkCeYEZgG1QNefZ0w/featured,PscYkCeYEZgG1QNefZ0w,@ProfesorCrypto,YouTube,dead scrape,,
Ken The Crypto,,crypto,https://www.youtube.com/channel/UCethqkKxL-Rce5yChOgBORQ/featured,UCethqkKxL-Rce5yChOgBORQ,@KenTheCrypto,YouTube,dead scrape,,
Crypto Currency News Guy,,crypto,https://www.youtube.com/c/CryptocurrencyNews1/featured,CryptocurrencyNews1,@CryptoBoomNews,YouTube,dead scrape,,
Beyond10x,,crypto,https://www.youtube.com/channel/UCNIgAFdwYiyqaXG_fp13ufg,UCNIgAFdwYiyqaXG_fp13ufg,@beyond10x,YouTube,dead scrape,,
CryptoCandor,Alex,crypto,https://www.youtube.com/channel/UCrNytueyuavn5mVVt89epDA,UCrNytueyuavn5mVVt89epDA,@CryptoCandor,YouTube,dead scrape,,
BlockchainBrad,,crypto,https://www.youtube.com/channel/UCbkjUYiPN8P48r0lurEBP8w,UCbkjUYiPN8P48r0lurEBP8w,@Brad_Laurie,YouTube,dead scrape,,
ReadySetCrypto,,crypto,https://www.youtube.com/channel/UCLVg3gS_lVVWhr23omBwAKg,UCLVg3gS_lVVWhr23omBwAKg,@readysetcrypto,YouTube,dead scrape,,
David Hay,,crypto,https://www.youtube.com/channel/UCw6fLrKYh0IelO6OJuF2Jiw,UCw6fLrKYh0IelO6OJuF2Jiw,@DavidHayCrypto,YouTube,dead scrape,,
Crypto Genesis,,crypto,https://www.youtube.com/channel/UCYKC5WEUSqQODP2GePU-pYA,UCYKC5WEUSqQODP2GePU-pYA,@GenesisTrading,YouTube,dead scrape,,
Crypto Ranger,,crypto,https://www.youtube.com/channel/UC3XTNVv-59VEJfr-8ekjozQ,UC3XTNVv-59VEJfr-8ekjozQ,@Crypto_Ranger_K,YouTube,dead scrape,,
CryptoPafi,,crypto,https://www.youtube.com/channel/UC0WzBdMQWEN8dRspHjL3oVw,UC0WzBdMQWEN8dRspHjL3oVw,"@crypto_pafi",YouTube,dead scrape,,
bankless,bankless,crypto,https://www.youtube.com/c/bankless,bankless,@BanklessHQ,YouTube,recommended,,
Waqar Zaka,Waqar Zaka,crypto,https://www.youtube.com/channel/UCNc2cFy7_fRlcD0x-ddMFlQ,UCNc2cFy7_fRlcD0x-ddMFlQ,@ZakaWaqar,YouTube,,,
Trader Cobb,,crypto,https://www.youtube.com/channel/UC7_LkpMPKzgLooxJ8kiZdEA,UC7_LkpMPKzgLooxJ8kiZdEA,@TraderCobb,YouTube,,,
SciShow,,crypto,https://www.youtube.com/channel/UCZYTClx2T1of7BRZ86-8fow,UCZYTClx2T1of7BRZ86-8fow,@SciShow,YouTube,,,
Doug Polk Crypto,,crypto,https://www.youtube.com/channel/UC4sS8q8E5ayyghbhiPon4uw/videos,UC4sS8q8E5ayyghbhiPon4uw,@DougPolkPoker,YouTube,,,
Crypto Banter,,crypto,https://www.youtube.com/channel/UCN9Nj4tjXbVTLYWN0EKly_Q/videos,UCN9Nj4tjXbVTLYWN0EKly_Q,@crypto_banter,YouTube,,,
Crypto Point Hindi - हिंदी,,crypto,https://www.youtube.com/channel/UCsPppkSLFojvQoSSFh2PIWA/videos,UCsPppkSLFojvQoSSFh2PIWA,@CryptoPointHi,YouTube,,,
Cryptocurrency Market,,crypto,https://www.youtube.com/user/PrisonOrFreedom/videos,PrisonOrFreedom,,YouTube,,,
Crypto Savy,,crypto,https://www.youtube.com/c/CryptoSavy/videos,CryptoSavy,@CryptoSavy1,YouTube,,,
CRYPTOTWINS,,crypto,https://www.youtube.com/c/CRYPTOTWINS/featured,CRYPTOTWINS,@RealCryptotwins,YouTube,,,
Crypto Gnome,,crypto,https://www.youtube.com/c/CryptoGnome/featured,CryptoGnome,@Crypt0Gnome,YouTube,,,
MrSotko CryptoCurrency,,crypto,https://www.youtube.com/c/mrsotko/featured,mrsotko,,YouTube,,,
Bull & Bear Podcast,,crypto,https://www.youtube.com/c/BullAndBearCrypto/featured,BullAndBearCrypto,@bullandbearmcr,YouTube,,,
OZ Crypto,,crypto,https://www.youtube.com/c/OZCrypto/featured,OZCrypto,@OZCRYPTO2,YouTube,,,
Operation Crypto,Andy,crypto,https://www.youtube.com/c/OperationCrypto/featured,OperationCrypto,@OpCryptoUK,YouTube,,,
Coach K,,crypto,https://www.youtube.com/c/CoachKCrypto/featured,CoachKCrypto,@Coachkcrypto,YouTube,,,
Truth Investor,,crypto,https://www.youtube.com/c/CryptoInvestor/featured,CryptoInvestor,@Truth_Investor,YouTube,,,
Cryptocurrency Trading,,crypto,https://www.youtube.com/c/CryptocurrencyTrading/featured,CryptocurrencyTrading,@CryptoTraderPro,YouTube,,,
Crypto Crow,,crypto,https://www.youtube.com/channel/UCwsRWmIL5XKqFtdytBfeX0g,UCwsRWmIL5XKqFtdytBfeX0g,@jasonappleton,YouTube,,,
Digital Gold,,crypto,https://www.youtube.com/channel/UCd4bJKIvbGOIAT-GK4K-3_w,UCd4bJKIvbGOIAT-GK4K-3_w,@DigitalGoldLab,YouTube,,,
Gartner for Marketers,,crypto,https://www.youtube.com/channel/UCBcRF18a7Qf58cCRy5xuWwQ,UCBcRF18a7Qf58cCRy5xuWwQ,@Gartner_MKTG,YouTube,,,
DailyFX,,crypto,https://www.youtube.com/channel/UCd9kfH8fkmAdtIyune0ns2g,UCd9kfH8fkmAdtIyune0ns2g,@DailyFX,YouTube,,,
CryptoCom,,crypto,https://www.youtube.com/channel/UCOMprzxakZOqmY23LYIawmg,UCOMprzxakZOqmY23LYIawmg,@cryptocom,YouTube,,,
Azad Chaiwala,,crypto,https://www.youtube.com/channel/UCM5QNdoIefx6eumjPk8ZTMw,UCM5QNdoIefx6eumjPk8ZTMw,@AzadChaiwala,YouTube,,,
Techy Dost,,crypto,https://www.youtube.com/channel/UCz2f7fRuelDhZO1JSTh5Q4g,UCz2f7fRuelDhZO1JSTh5Q4g,@technicaldostt,YouTube,,,
They Call Me Dan,,crypto,https://www.youtube.com/channel/UC0mGweSZMRmhBSpEjPFQByA,UC0mGweSZMRmhBSpEjPFQByA,,YouTube,,,
Krown's Crypto Cave,,crypto,https://www.youtube.com/channel/UCnwxzpFzZNtLH8NgTeAROFA,UCnwxzpFzZNtLH8NgTeAROFA,@KrownCryptoCave,YouTube,,,
Blockchain Weekly,,crypto,https://www.youtube.com/c/BlockchainWeekly/featured,BlockchainWeekly,@blockchainwkly,YouTube,,,
New Kids On The Blockchain,,crypto,https://www.youtube.com/c/NewKidsOnTheBlockchain/featured,NewKidsOnTheBlockchain,@kidsonthebchain,YouTube,,,
Blockchain at Berkeley,,crypto,https://www.youtube.com/c/BlockchainatBerkeley/featured,BlockchainatBerkeley,@CalBlockchain,YouTube,,,
MLM AMAN,Aman,crypto,https://www.youtube.com/channel/UCC3ld44jBPgWuyiE4PRdSTw,UCC3ld44jBPgWuyiE4PRdSTw,@mlmamantv,YouTube,,,
Bloomberg Technology,,crypto,https://www.youtube.com/channel/UCrM7B7SL_g1edFOnmj-SDKg,UCrM7B7SL_g1edFOnmj-SDKg,@technology,YouTube,,,
Lex Clips,,crypto,https://www.youtube.com/channel/UCJIfeSCssxSC_Dhc5s7woww,UCJIfeSCssxSC_Dhc5s7woww,@LexMobileGaming,YouTube,,,
Harsh Crypto Support,,crypto,https://www.youtube.com/channel/UCvvXPsHMb1VBDMPQQMvBNag,UCvvXPsHMb1VBDMPQQMvBNag,@harshrajat,YouTube,,,
Dash Dinheiro Digital,,crypto,https://www.youtube.com/channel/UC5WA2NjZp8VHK_Vl8TdWTtQ,UC5WA2NjZp8VHK_Vl8TdWTtQ,@DashDinheiro,YouTube,,,
CryptoDaily Official,,crypto,https://www.youtube.com/channel/UCeUMQD_XZCTw24Be8crGWDg,UCeUMQD_XZCTw24Be8crGWDg,@Crypto_Daily,YouTube,,,
Blockchain Andy,,crypto,https://www.youtube.com/channel/UCCgP-mSOXha_c1xGEn13p6A,UCCgP-mSOXha_c1xGEn13p6A,@BlockchainAndy,YouTube,,,
Damien Talks Money,,crypto,https://www.youtube.com/channel/UCjPR68IfHV0aY9s6cF5u0uQ,UCjPR68IfHV0aY9s6cF5u0uQ,@damian_money,YouTube,,,
Learn Fast Earn,,crypto,https://www.youtube.com/channel/UCCzQNZgF08fIzkp_hwQCT5g,UCCzQNZgF08fIzkp_hwQCT5g,@learnfastearn,YouTube,,,
Privacy X,,crypto,https://www.youtube.com/channel/UC8JrOitrLRmBTYty6kzIFFQ,UC8JrOitrLRmBTYty6kzIFFQ,,YouTube,,,
a Million or the Moon,,crypto,https://www.youtube.com/channel/UCsmZyK6Wgguyb1hSWn6MPwQ,UCsmZyK6Wgguyb1hSWn6MPwQ,@million_or_moon,YouTube,,,
P4 Provider,,crypto,https://www.youtube.com/channel/UCCywfURfkXqqv7qnIQGNldw,UCCywfURfkXqqv7qnIQGNldw,@P4Provider,YouTube,,,
Andrew Cartwright,,crypto,https://www.youtube.com/channel/UCPn5YyTGKsVDnDULA5aq8IA,UCPn5YyTGKsVDnDULA5aq8IA,@Lord0113run,YouTube,,,
Earn With Sapna,,crypto,https://www.youtube.com/channel/UCu4W71AyIzu7ha5DDdk0R2w,UCu4W71AyIzu7ha5DDdk0R2w,@EarnWithSapna,YouTube,,,
365 Careers,,crypto,https://www.youtube.com/channel/UC1KZthNKVq8I8feFK8Z1eIQ,UC1KZthNKVq8I8feFK8Z1eIQ,@365careers,YouTube,,,
Coin Signal Info,,crypto,https://www.youtube.com/channel/UCBmJ4u5BgvpRps9sXwjZeIQ,UCBmJ4u5BgvpRps9sXwjZeIQ,@CoinSignals_,YouTube,,,
AverageTuber,,crypto,https://www.youtube.com/channel/UC6fWYvXwjCrjcIDmTzQiDLw,UC6fWYvXwjCrjcIDmTzQiDLw,@TuberAverage,YouTube,,,
Coinvestasi,,crypto,https://www.youtube.com/channel/UCm45FOi_DZm-UFhj3VZUqdA,UCm45FOi_DZm-UFhj3VZUqdA,@coinvestasi,YouTube,,,
Jeremy Cash Young Ceo,,crypto,https://www.youtube.com/channel/UCJRlYMRCX_ryP7U6WnoeYRg,UCJRlYMRCX_ryP7U6WnoeYRg,@jaycash_16,YouTube,,,
PUSHPENDRA SINGH DIGITAL,,crypto,https://www.youtube.com/channel/UC0iDL9CSqHtlzJDZLGKJX0Q,UC0iDL9CSqHtlzJDZLGKJX0Q,@pushpendrakum,YouTube,,,
Humphrey Yang,,crypto,https://www.youtube.com/channel/UCFBpVaKCC0ajGps1vf0AgBg,UCFBpVaKCC0ajGps1vf0AgBg,@Humphreytalks,YouTube,,,
Mas Ari'e,,crypto,https://www.youtube.com/channel/UCAYvHvUlL7iO4_D5Qnedhqw,UCAYvHvUlL7iO4_D5Qnedhqw,@masari00689799,YouTube,,,
BeerBiceps,,crypto,https://www.youtube.com/channel/UCPxMZIFE856tbTfdkdjzTSQ,UCPxMZIFE856tbTfdkdjzTSQ,@BeerBicepsGuy,YouTube,,,
Open4Profit,,crypto,https://www.youtube.com/channel/UCknXixhwqBmek5HbN61HL0A,UCknXixhwqBmek5HbN61HL0A,"@open4profit",YouTube,,,
Bitcoin and Cryptocurrency Technologies Online Course,,crypto,https://www.youtube.com/channel/UCNcSSleedtfyDuhBvOQzFzQ,UCNcSSleedtfyDuhBvOQzFzQ,,YouTube,,,
Conquer Trading & Investing,,crypto,https://www.youtube.com/channel/UCN2WmKUchJpIcS1MupY-BuA,UCN2WmKUchJpIcS1MupY-BuA,,YouTube,,,
CRYPTO BULL,,crypto,https://www.youtube.com/channel/UCrLlEOua_ufx02aKpKf16lQ,UCrLlEOua_ufx02aKpKf16lQ,"@CryptoBull2020",YouTube,,,
Tamil Crypto Tech,,crypto,https://www.youtube.com/channel/UCwj_Js5M9iV-wwN68R6X8Ng,UCwj_Js5M9iV-wwN68R6X8Ng,"@TamilCryptotec1",YouTube,,,
Noaty Crypto,,crypto,https://www.youtube.com/channel/UC80UC6NwzqZwjKeuxOMVbkg,UC80UC6NwzqZwjKeuxOMVbkg,,YouTube,,,
Forflies,,crypto,https://www.youtube.com/channel/UCVIOA9XqMtMUk8U-IF-dSYA,UCVIOA9XqMtMUk8U-IF-dSYA,"@sami_loyal",YouTube,,,
CryptoViewing,,crypto,https://www.youtube.com/channel/UCF-9iV-xOAzOnjdYH4hap2w,UCF-9iV-xOAzOnjdYH4hap2w,"@CryptoViewing",YouTube,,,
The Digital Investor,,crypto,https://www.youtube.com/channel/UCbUm7vMOOFau2GanPqm-W8Q,UCbUm7vMOOFau2GanPqm-W8Q,"@digitalassetbuy",YouTube,,,
JSXPRO ID,,crypto,https://www.youtube.com/channel/UC7AF_rC7lzrm0VwwB7ICPcw,UC7AF_rC7lzrm0VwwB7ICPcw,"@jsxproID",YouTube,,,
The Deshbhakt,,crypto,https://www.youtube.com/channel/UCmTM_hPCeckqN3cPWtYZZcg,UCmTM_hPCeckqN3cPWtYZZcg,"@TheDeshBhakt",YouTube,,,
Jhazel de Vera,,crypto,https://www.youtube.com/channel/UC0QYKL8VgieP2x6Nf8IjOag,UC0QYKL8VgieP2x6Nf8IjOag,"@jhazeldevera",YouTube,,,
SA Crypto Pak,Syed Ahtesham,crypto,https://www.youtube.com/channel/UCP9upbB_R-EF85HJTw8O3rQ,UCP9upbB_R-EF85HJTw8O3rQ,"@sacryptopak",YouTube,,,
CGTN,,crypto,https://www.youtube.com/channel/UCgrNz-aDmcr2uuto8_DL2jg,UCgrNz-aDmcr2uuto8_DL2jg,"@CGTNOfficial",YouTube,,,
Corné Marchand - Ondernemer,,crypto,https://www.youtube.com/channel/UC6Nz3PWzoCBB860oifwzwgQ,UC6Nz3PWzoCBB860oifwzwgQ,"@CorneMarchand",YouTube,,,
Crypto Cred,,crypto,https://www.youtube.com/channel/UCBaU9NXRPjkLGgJy-M7RPCw,UCBaU9NXRPjkLGgJy-M7RPCw,"@CryptoCred",YouTube,,,
Son of a Tech,,crypto,https://www.youtube.com/channel/UC0WNX0de8I1fgKUrjxiPaRA,UC0WNX0de8I1fgKUrjxiPaRA,"@SonOfATech",YouTube,,,
Real Vision Finance,,crypto,https://www.youtube.com/channel/UCBH5VZE_Y4F3CMcPIzPEB5A,UCBH5VZE_Y4F3CMcPIzPEB5A,"@RealVision",YouTube,,,
Nomad Capitalist,,crypto,https://www.youtube.com/channel/UC3k3floOm_HtKOv0l6JU-xQ,UC3k3floOm_HtKOv0l6JU-xQ,"@nomadcapitalist",YouTube,,,
Rhett / Mankind,,crypto,https://www.youtube.com/channel/UCAwmF5bjdwVjyp8oixtsngg,UCAwmF5bjdwVjyp8oixtsngg,"@rhett",YouTube,,,
Chris Haroun Ventures/Complete Business Education,,crypto,https://www.youtube.com/channel/UC70QdB61jENhGdzyo85QE-g,UC70QdB61jENhGdzyo85QE-g,"@chris_haroun",YouTube,,,
Tech Ranjan,Mai Ravi Ranjan,crypto,https://www.youtube.com/c/TechRanjan/featured,TechRanjan,"@DeveshRanjanGT",YouTube,,,
Justin Baldori,Justin,crypto,https://www.youtube.com/channel/UClLOuBM5tdTATogUdK-8rRQ,UClLOuBM5tdTATogUdK-8rRQ,"@justinbaldori_",YouTube,,,
Odia Fast Tech,,crypto,https://www.youtube.com/channel/UCFAJL3SdNbDNp0PlVmjOtRQ,UCFAJL3SdNbDNp0PlVmjOtRQ,@OdiaFastTech1,YouTube,,,
DraperTV,,crypto,https://www.youtube.com/c/DraperTV/featured,DraperTV,"@DraperTV",YouTube,,,
Fortune Magazine,,crypto,https://www.youtube.com/c/fortune/featured,fortune,"@FortuneMagazine",YouTube,,,
SXSW,,crypto,https://www.youtube.com/c/SXSW/featured,SXSW,"@sxsw",YouTube,,,
Hyperledger,,crypto,https://www.youtube.com/c/Hyperledger/featured,Hyperledger,"@Hyperledger",YouTube,,,
Roger Ver,,crypto,https://www.youtube.com/user/rogerver/featured,rogerver,"@rogerkver",YouTube,,,
Dinis Guarda,,crypto,https://www.youtube.com/c/DinisGuarda/featured,DinisGuarda,"@dinisguarda",YouTube,,,
Brock Pierce,,crypto,https://www.youtube.com/channel/UCNGPN8hF_FVRPZs9wbEu7pA,UCNGPN8hF_FVRPZs9wbEu7pA,"@brockpierce",YouTube,,,
Charles Hoskinson,,crypto,https://www.youtube.com/channel/UCiJiqEvUZxT6isIaXK7RXTg,UCiJiqEvUZxT6isIaXK7RXTg,@IOHK_Charles,YouTube,,,
Dominic Frisby Comedy Videos,,crypto,https://www.youtube.com/channel/UCfoUJv3cVDGspuKhLu20uxg,UCfoUJv3cVDGspuKhLu20uxg,"@DominicFrisby",YouTube,,,
Stacks,,crypto,https://www.youtube.com/c/Blockstack/featured,Blockstack,"@Stacks",YouTube,,,
The Swedish Investor,,crypto,https://www.youtube.com/channel/UCAeAB8ABXGoGMbXuYPmiu2A,UCAeAB8ABXGoGMbXuYPmiu2A,@InvestorSwedish,YouTube,,,
Stanford eCorner,,crypto,https://www.youtube.com/channel/UCctkeBNtFIOn7Yl_9TTj_4w,UCctkeBNtFIOn7Yl_9TTj_4w,"@ECorner",YouTube,,,
Freethink,,crypto,https://www.youtube.com/c/Freethink/featured,Freethink,"@freethinkmedia",YouTube,,,
New York Times Events,,crypto,https://www.youtube.com/channel/UCtZNqEGzfQ6jO4SXWz51bRw,UCtZNqEGzfQ6jO4SXWz51bRw,@nytimesevents,YouTube,,,
Microsoft,,crypto,https://www.youtube.com/channel/UCFtEEv80fQVKkD4h1PF-Xqw,UCFtEEv80fQVKkD4h1PF-Xqw,"@Microsoft",YouTube,,,
EOSIO,,crypto,https://www.youtube.com/c/EOSIO/featured,EOSIO,"@block_one_",YouTube,,,
Stanford Graduate School of Business,,crypto,https://www.youtube.com/channel/UCGwuxdEeCf0TIA2RbPOj-8g,UCGwuxdEeCf0TIA2RbPOj-8g,,YouTube,,,
Ledger,,crypto,https://www.youtube.com/channel/UCSrfbzqF29CD4rQjJl_ixnw,UCSrfbzqF29CD4rQjJl_ixnw,"@Ledger",YouTube,,,
TFTC,,crypto,https://www.youtube.com/channel/UCtdbWsnfA08KhSUO4amVLaQ,UCtdbWsnfA08KhSUO4amVLaQ,"@TFTC21",YouTube,,,
Magical Crypto Friends,"Join Pony, Lion, Panda, and Chikun",crypto,https://www.youtube.com/c/MagicalCryptoFriends/featured,MagicalCryptoFriends,"@magicalcrypto",YouTube,,,
Cedric Dahl,,crypto,https://www.youtube.com/channel/UCUoE4kAxLnLByLko06EaaOQ,UCUoE4kAxLnLByLko06EaaOQ,"@CedricMakes
",YouTube,,,
YEN,,crypto,https://www.youtube.com/c/YENio/featured,YENio,"@crouchy929",YouTube,,,
David Pakman Show,,crypto,https://www.youtube.com/c/thedavidpakmanshow/featured,thedavidpakmanshow,"@dpakman",YouTube,,,
Crypto Coin News,,crypto,https://www.youtube.com/channel/UCkpt3vvZ0Y0wvTX2L-lkxsg,UCkpt3vvZ0Y0wvTX2L-lkxsg,"@cryptocom",YouTube,,,
The Cryptoniac,,crypto,https://www.youtube.com/channel/UC80dBALCAwX8Ur8ncrOfUgg,UC80dBALCAwX8Ur8ncrOfUgg,"@TheCryptoniac",YouTube,,,
Siraj Raval,,crypto,https://www.youtube.com/c/SirajRaval/videos,SirajRaval,"@sirajraval",YouTube,,,
Josh Burns Tech,,crypto,https://www.youtube.com/channel/UCQZ9jWTa3xpyUAPgNnAHRpw,UCQZ9jWTa3xpyUAPgNnAHRpw,"@JoshBurnsTech",YouTube,,,
Exodus,,crypto,https://www.youtube.com/channel/UCpwUeFzkWEEduSoxpiI1UsA,UCpwUeFzkWEEduSoxpiI1UsA,"@exodus_io",YouTube,,,
Crypto Shawty,,crypto,https://www.youtube.com/channel/UCFv2dcrjNMh635Yz2EgNAFA,UCFv2dcrjNMh635Yz2EgNAFA,"@Bangs2yo",YouTube,,,
CryptoUp,,crypto,https://www.youtube.com/channel/UCkWlJI4qm9aqm1B671h6n2Q,UCkWlJI4qm9aqm1B671h6n2Q,"@Cryptoup",YouTube,,,
Investogram,,crypto,https://www.youtube.com/channel/UCgXq8ZY-TvqLOnIBgozpS_A,UCgXq8ZY-TvqLOnIBgozpS_A,"@investogram",YouTube,,,
HueFin News,,crypto,https://www.youtube.com/channel/UCftTNVk6GO6u0m7WkhJEr1w,UCftTNVk6GO6u0m7WkhJEr1w,@HueFin_News,YouTube,,,
Capitalist,,crypto,https://www.youtube.com/channel/UCtpiRYuf6I47hayxkyHurmg,UCtpiRYuf6I47hayxkyHurmg,,YouTube,,,
ClearValue Tax,,crypto,https://www.youtube.com/channel/UCigUBIf-zt_DA6xyOQtq2WA,UCigUBIf-zt_DA6xyOQtq2WA,"@ClearValue_Tax",YouTube,,,
Alexander Lorenzo,,crypto,https://www.youtube.com/channel/UCHQv-nQ2caXVvtTFa8WOJRA,UCHQv-nQ2caXVvtTFa8WOJRA,"@alexoncrypto",YouTube,,,
Ryan Matta,Ryan Matta,crypto,https://www.youtube.com/user/RyanRMatta,user,"@fratta00",YouTube,,,
Chris M,,crypto,https://www.youtube.com/channel/UCGBAEbGlJ6axoIJ9PWZh-mA,UCGBAEbGlJ6axoIJ9PWZh-mA,"@chrismevans",YouTube,,,
moon333,,crypto,https://www.youtube.com/channel/UCiDj9x2tLUNgaXQgefJWikQ,UCiDj9x2tLUNgaXQgefJWikQ,"@moon33367268705",YouTube,,,
Rockstar Trading,,crypto,https://www.youtube.com/channel/UC_k4bEs-Wh2OcBdj6kRwgeA,UC_k4bEs-Wh2OcBdj6kRwgeA,"@RockstarGames",YouTube,,,
Crypto Ride,,crypto,https://www.youtube.com/channel/UCPQDWQOXDMw65u6cijAYx2g,UCPQDWQOXDMw65u6cijAYx2g,"@cryptoriders",YouTube,,,
Mind Math Money,,crypto,https://www.youtube.com/channel/UCTdlDD6JgJeplt4axozFmSQ,UCTdlDD6JgJeplt4axozFmSQ,"@MindMathMoney",YouTube,,,
SkinnyMoonHunter,,crypto,https://www.youtube.com/channel/UC3gRW8q1qwjhnlfX1HciQpg,UC3gRW8q1qwjhnlfX1HciQpg,"@_JustinMoon_",YouTube,,,
Tom Crown,,crypto,https://www.youtube.com/channel/UCiuD3eNaZ95eSXImp_eSIww,UCiuD3eNaZ95eSXImp_eSIww,"@TomCrownCrypto",YouTube,,,
Haejin Lee,,crypto,https://www.youtube.com/channel/UCpAXWMbMUv4P5R-15kHYFJw,UCpAXWMbMUv4P5R-15kHYFJw,"@littlececilia",YouTube,,,
ThuanCapital Analytics,,crypto,https://www.youtube.com/channel/UCXn7qe0dPhZeVVlmvX5k-mA,UCXn7qe0dPhZeVVlmvX5k-mA,,YouTube,,,
Make Money Online,,crypto,https://www.youtube.com/channel/UCGnJOP8mPopHd389l9dCJ-g/featured,UCGnJOP8mPopHd389l9dCJ-g/featured,,YouTube,,,
Usecripto,,crypto,https://www.youtube.com/channel/UC7PL5GpOZFTjDAl9BSas0eA,/UC7PL5GpOZFTjDAl9BSas0eA,"@usecriptobr",YouTube,,,
TradeDevil,,crypto,https://www.youtube.com/channel/UCJI0hJxdZ3TVvQB_1RLbQWA,UCJI0hJxdZ3TVvQB_1RLbQWA,@tradedevils,YouTube,,,
Dukascopy TV (EN),,,https://www.youtube.com/user/dukascopytv,user,"@Dukascopy_TV",YouTube,,,
CryptoSlo,,,https://www.youtube.com/channel/UCK8822RvoabNuiBGiCh8fsg,UCK8822RvoabNuiBGiCh8fsg,@BitcoinSLO,YouTube,,,
buscando CryptoDinero,,,https://www.youtube.com/channel/UCCEkCzowAHUurUnGnKmN_5w,UCCEkCzowAHUurUnGnKmN_5w,"@BCryptodinero",YouTube,,,
NiceHash,,,https://www.youtube.com/channel/UCmzNywRrhFwskSnZ2l1eETw,UCmzNywRrhFwskSnZ2l1eETw,@NiceHashMining,YouTube,,,
VirtualBacon,,,https://www.youtube.com/channel/UCcrEA_xd9Ldf1C8DIJYdyyA,UCcrEA_xd9Ldf1C8DIJYdyyA,"@VirtualBacon1",YouTube,,,
Investor Project,,,https://www.youtube.com/channel/UC2-rUe7ktTvD0_IiK1bFfYg,UC2-rUe7ktTvD0_IiK1bFfYg,@mmjinvesting,YouTube,,,
Wealth Hacks,,,https://www.youtube.com/channel/UCJA7J3DqZN76PKx31Q_YHUQ,UCJA7J3DqZN76PKx31Q_YHUQ,"@WealthHacks",YouTube,,,
Cripto Esfera,,,https://www.youtube.com/channel/UCI8sAUGOSQI4Yc7EXIotY7g,UCI8sAUGOSQI4Yc7EXIotY7g,"@CriptoEsfera_",YouTube,,,
AverageTuber,,,,,,,,,
@MrZackMorris,,,,,@MrZackMorris,,,,
@yatesinvesting,,,,,@yatesinvesting,,,,
@notoriousalerts,,,,,@notoriousalerts,,,,
@PJ_Matlock,,,,,@PJ_Matlock,,,,
@Hugh_Henne,,,,,@Hugh_Henne,,,,
@ohheytommy,,,,,@ohheytommy,,,,
@RocketCatchnBob,,,,,@RocketCatchnBob,,,,
@CoffeeMoney7,,,,,@CoffeeMoney7,,,,
@LadeBackk,,,,,@LadeBackk,,,,
@SteveUrkelDude,,,,,@SteveUrkelDude,,,,
@Rich_HeRich,,,,,@Rich_HeRich,,,,
@BoaTrading,,,,,@BoaTrading,,,,
CryptoMaing,,,,,@CryptoMaing,,,,
@nxtera_logan,,,,,@nxtera_logan,,,,
bluntz,,,,,@SmartContracter,,,,
AltcoinGordon,,,,,@AltcoinGordon,,,,
@TeddyCleps,,,,,@TeddyCleps,,,,
Aimstone5,,,,,@deg_ape,twitter,,,
,,,,,@choocolatier,twitter,,,
,,,,,"@Altsteinn",twitter,,,
,,,,,@BahamaBen9,twitter,,,
,,,,,@misconfig_exe,twitter,,,
,,,,,@WClementeIII,twitter,,,
,,,,,@ThetaWarrior,twitter,,,
,,,,,@gurgavin,twitter,,,
,,,,,"@goodalexander

",twitter,,,
,,,,,"@SpyHatesMe",twitter,,,
,,,,,@Betterthanbing,twitter,,,
,,,,,@mukund,twitter,,,
,,,,,@marketplunger1,twitter,,,
,,,,,@value_invest12,twitter,,,
,,,,,@StockMKTNewz,twitter,,,
,,,,,@cake_trades,twitter,,,
,,,,,@EliteOptions2,twitter,,,
,,,,,@Phase1Token,twitter,,,
,,,,,"@CryptoClash1
",twitter,,,
,,,,,"@BahamaBen9",twitter,,,
,,,,,@Matt_Cochrane7,twitter,,,
,,,,,@pandaoptions,twitter,,,
,,,,,@EliteOptions2,twitter,,,
,,,,,@TheJoyfulTrader,twitter,11,,
,,,,,"@XclusiveTrading",twitter,,,
,,,,,"@SpyHatesMe",twitter,,,
,,,,,@mktparticipants,twitter,,,
,,,,,@Kiplinger,twitter,,,
,,,,,@15minofPham,twitter,,,
,,,,,@MelStone31,twitter,,,
,,,,,@PsychoTrader00,twitter,,,
,,,,,@StockMKTNewz,twitter,,,
,,,,,@TeresaTrades,twitter,,,
,,,,,@Traderhankhill,twitter,,,
,,,,,@Beth_Kindig,twitter,,,
,,,,,@TrueBubbleHead,twitter,,,
,,,,,@DCDOWORK,twitter,,,
,,,,,@NIO_NEWS,twitter,,,
,,,,,@_mm85,twitter,,,
,,,,,@sinstockpapi,twitter,,,
,,,,,@TradingWarz,twitter,,,
,,,,,"@crouchy929",twitter,,,
,,,,,@MandoTrading,twitter,,,
,,,,,@TerminatorTrade,twitter,,,
,,,,,@GroguTrades,twitter,,,
,,,,,@billsstocks1,twitter,,,
,,,,,@AlexDelarge6553,twitter,,,
,,,,,@sullythegreat1,twitter,,,
,,,,,"@WildRhino
",twitter,,,
,,,,,@TickerBellDust,twitter,,,
,,,,,@LukeKnouse,twitter,,,
,,,,,@richXmillion,twitter,,,
,,,,,@warrenpuffettt,twitter,,,
,,,,,@StockzNCrypto,twitter,,,
,,,,,@MMeatloaf7,twitter,,,
,,,,,@TheCoinLeague,twitter,,,
,,,,,@cryptobullshots,twitter,,,
,,,,,@KennyKeyss,twitter,,,
,,,,,@ChappyHawk,twitter,,,
,,,,,@kroyrunner89,twitter,,,
,,,,,@SublimeTrades,twitter,,,
,,,,,@traderkylec,twitter,,,
,,,,,@goodetrades,,,,
,,,,,@mono_trader,twitter,,,
,,,,,@timothysykes,twitter,,,
,,,,,@TraderBryce,twitter,,,
,,,,,@HoDl_Model,twitter,,,
,,,,,@traderMCP,twitter,,,
,,,,,@stocktreats,twitter,,,
,,,,,@DBookTrading,twitter,,,
,,,,,@MarcoDaCostaFX,twitter,,,
,,,,,@LimitlessT1,twitter,,,
,,,,0,@seyedoption,twitter,,,
,,,,,@LAVAoption,twitter,,,
,,,,,@data168,twitter,,,
,,,,,@OptionsMike,twitter,,,
,,,,,"
@johnscharts",twitter,,,
,,,,,@traderstewie,twitter,,,
,,,,,@canuck2usa,twitter,,,
,,,,,@SJosephBurns,twitter,,,
,,,,,@TradingComposur,twitter,,,
,,,,,@markminervini,twitter,,,
,,,,,@Rayner_Teo,twitter,,,
,,,,,@MarwoodJB,twitter,,,
,,,,,@TrendSpider,twitter,,,
,,,,,@StockCats,twitter,,,
,,,,,@Rayner_Teo,twitter,,,
,,,,,@GossettTrading,twitter,,,
,,,,,@Hipster_Trader,twitter,,,
,,,,,@QTRResearch,twitter,,,
,,crypto,,,@ismokecrypto,twitter,,,
,,crypto,,,@CryptoPurgat0ry,twitter,,,
,,crypto,,,@acpromotes,twitter,,,
,,crypto,,,@crypto_tsundere,twitter,,,
,,crypto,,,@cryptomarksman,twitter,,,
,,crypto,,,@crypt0_n1nja,twitter,,,
,,crypto,,,@JohnTradesCryp1,twitter,,,
,,crypto,,,@MrCryptoAddict,twitter,,,
,,crypto,,,@IncomeSharks,twitter,,,
,,crypto,,,@ashwsbreal,twitter,,,
,,,,,@cz_binance,twitter,,,
,,,,,@DrogCrypto,twitter,,,
,,,,,@Trendspider_J,twitter,,,
,,,,,@DipDeity,twitter,,,
,,,,,@ripster47,twitter,,,
,,,,,@Ultra_Calls,twitter,,,
,,,,,@buysellshort,twitter,,,
,,,,,@TopStockTips1,twitter,,,
,,,,,@ipoguy,twitter,,,
,,,,,@marketnewsnow1,twitter,,,
,,,,,@MuzLM_Trader,twitter,,,
,,,,,@Trader_Joe_LPP,twitter,,,
,,,,,@rob_tradez,twitter,,,
,,,,,@AlexCutler247,twitter,,,
,,,,,@DanaDonovick,twitter,,,
,,,,,@The_RockTrading,twitter,,,
,,,,,@Brady_Atlas,twitter,,,
,,,,,@bear_fuker,twitter,,,
,,,,,@SDhillon07,twitter,,,
,,,,,@MrKennethPowers,twitter,,,
,,,,,@SpaghettiCode4,twitter,,,
,,,,,@AdnansArk,twitter,,,
,,,,,@Michael___Hunt,twitter,,,
,,,,,@Reformed_Trader,twitter,,,
,,,,,@StockAuthority,twitter,,,
,,,,,@simbatrading,twitter,,,
,,,,,@Mitch___Picks,twitter,,,
,,,,,@MullinsMomentum,twitter,,,
,,,,,@RadioSilentplay,twitter,,,
,,,,,@hustle2015,twitter,,,
,,,,,@CPNorth,twitter,,,
,,,,,"@5555conscious",twitter,,,
,,,,,@xlogit3k,twitter,,,
,,,,,@HulkInvestments,twitter,,,
,,,,,@BZstockss,twitter,,,
,,,,,"@RichOTCtrader",twitter,,,
,,,,,"@otcpicks1",twitter,,,
,,,,,@manpreetkailon,twitter,,,
,,,,,"@SpacTraderinTra",twitter,,,
,,,,,@skaushi,twitter,,,
,,,,,"@saxena_puru",twitter,,,
,,,,,"@cperruna",twitter,,,
,,,,,@richard_chu97,twitter,,,
,,,,,"@otcslayerr",twitter,,,
,,,,,@otcdynamics,twitter,,,
,,,,,@gone12,twitter,,,
,,,,,@jnybgood2000,twitter,,,
,,,,,@ArsenalProfits,twitter,,,
,,,,,@olivia_trades,twitter,,,
,,,,,@ARNRAY777,twitter,,,
,,,,,"@Moneyworld222
",twitter,,,
,,,,,@DTCtrades,twitter,,,
,,,,,@BullishCop,twitter,,,
,,,,,@otcpapastocks,twitter,,,
,,,,,@CryptoKaleo,twitter,,,
,,,,,@AltcoinPsycho,twitter,,,
,,,,,@Tradermayne,twitter,,,
,,,,,"@CredibleCrypto",twitter,,,
,,,,,@CryptoCred,twitter,,,
,,,,,@CryptoDonAlt,twitter,,,
,,,,,@HsakaTrades,twitter,,,
,,,,,@cryptomocho,twitter,,,
,,,,,@notsofast,twitter,,,
,,,,,@moonshilla,twitter,,,
,,,,,"
@crypto_rand",twitter,,,
,,,,,@Bitboy_Crypto,twitter,,,
,,,,,@TheMoonCarl,twitter,,,
,,,,,@alex_fazel,twitter,,,
,,,,,@Mister_Ch0c,twitter,,,
,,,,,@easyeight08,twitter,,,
,,,,,@MarketRebels,twitter,,,
,,,,,@knox_ridley,twitter,,,
,,,,,@CryptoNostra,twitter,,,
,,,,,,twitter,,,
,,,,,@DaCryptoMonkey,twitter,,,
,,,,,@TheRocketCrypto,twitter,,,
,,,,,@AltCryptoGems,twitter,,,
,,,,,@CryptoAes,twitter,,,
,,,,,@stocks2the,twitter,,,
,,,,,@mikalche,twitter,,,
,,,,,@thatstocksgirl,twitter,,,
,,,,,@_El_Profesorr,twitter,,,
,,,,,@travalacom,twitter,,,
,,,,,@0xNakamoto,twitter,,,
,,,,,@IBMBlockchain,twitter,,,
,,,,,@Palantir_news,twitter,,,
,,,,,@Palantir_Daily,twitter,,,
,,,,,@CathieDWood,twitter,,,
,,,,,@PLHstock,twitter,,,
,,,,,@JustEssary,twitter,,,
,,,,,@StockChartSteve,twitter,,,
,,,,,@MightySoldiers,twitter,,,
,,,,,@TraderAmogh,twitter,,,
,,,,,@ItsSqueezy,twitter,,,
,,,,,@GaaOptions,twitter,,,
,,,,,@ScannerWarz,twitter,,,
,,,,,@WSBConsensus,twitter,,,
,,,,,@Trading_Sunset,twitter,,,
,,,,,@petenajarian,twitter,,,
,,,,,@jonnajarian,twitter,,,
,,,,,@MrMikeInvesting,twitter,,,
,,,,,@TheLioncom,twitter,,,
,,,,,@reciknows,twitter,,,
,,,,,@rbc_trading,twitter,,,
,,,,,@ZenTraderEW,twitter,,,
,,,,,@PikesPeakTrades,twitter,,,
,,,,,@Algo_382,twitter,,,
,,,,,@WaltWhiteStocks,twitter,,,
,,,,,@Albert_trades,twitter,,,
,,,,,@ChartingOptions,twitter,,,
,,,,,@cfromhertz,twitter,,,
,,,,,@the_chart_life,twitter,,,
,,,,,@savestacks,twitter,,,
,,,,,@smallcapsteve,twitter,,,
,,,,,@deg_ape,twitter,,,
,,,,,@Coachkcrypto,twitter,,,
,,,,,@Stock_Pop,twitter,,,
,,,,,@Grayscale,twitter,,,
,,,,,@TashaARK,twitter,,,
,,,,,@Dudesignals,twitter,,,
,,,,,@LilMoonLambo,twitter,,,
,,,,,@crypto_birb,twitter,,,
,,,,,@CordovaTrades,twitter,,,
,,,,,@TicTocTick,twitter,,,
,,,,,@DoNotFadeMe,twitter,,,
,,,,,@StrizziJ,twitter,,,
,,,,,@Adaamset,twitter,,,
,,,,,@ClairvoyantINVT,twitter,,,
,,,,,@JDuncan1987,twitter,,,
,,,,,@OnlyCrownKing,twitter,,,
,,,,,@Ninja1Stock,twitter,,,
,,,,,@KingShard1,twitter,,,
,,,,,@empowered_succ,twitter,,,
,,,,,@greatstockpicks,twitter,,,
,,,,,@JohnRSpano1,twitter,,,
,,,,,@AngryRed316,twitter,,,
,,,,,@GeniusTrader777,twitter,,,
,,,,,@legacybuilder88,twitter,,,
,,,,,@sats360capital,twitter,,,
,,,,,@TraderKrabs,twitter,,,
,,,,,@RealLifeAxelrod,twitter,,,
,,,,,@BizWrld,twitter,,,
,,,,,@ArrrgToTheMoon,twitter,,,
,,,,,@stockballa,twitter,,,
,,,,,@DrewDiligencee,twitter,,,
,,,,,@TheM0dalice,twitter,,,
,,,,,@BruniCharting,twitter,,,
,,,,,@DKellerCMT,twitter,,,
,,,,,"@DanRusso_CMT",twitter,,,
,,,,,@IamCryptoWolf,twitter,,,
,,,,,"@LSDinmycoffee",twitter,,,
,,,,,"@CryptoNekoZ",twitter,,,
,,,,,"@devchart",twitter,,,
,,,,,@TheHavenCrypto,twitter,,,
,,,,,"@ColdBloodShill",twitter,,,
,,,,,@ifyouc1,twitter,,,
,,,,,@BoaTrading,twitter,,,
,,,,,@Bullish_Trades,twitter,,,
,,,,,@BullTradeFinder,twitter,,,
,,,,,@AmandaCStocks,twitter,,,
,,,,,@EvesTrades,twitter,,,
,,,,,@rachels_44,twitter,,,
,,,,,@AnthonyOhayon,twitter,,,
,,,,,@PoundingDaTable,twitter,,,
,,,,,@hhhypergrowth,twitter,,,
,,,,,@StockNovice,twitter,,,
,,,,,@adventuresinfi,twitter,,,
,,,,,@FromValue,twitter,,,
,,,,,@LiviamCapital,twitter,,,
,,,,,@BrianFeroldi,twitter,,,
,,,,,@jeremymday,twitter,,,
,,,,,@AGeminiInvestor,twitter,,,
,,,,,@NeuroStockDoc,twitter,,,
,,,,,@CJOppel,twitter,,,
,,,,,@TMLTrader,twitter,,,
,,,,,@jablamsky,twitter,,,
,,,,,@JoTrader4,twitter,,,
,,,,,@Soumyazen,twitter,,,
,,,,,@Pentosh1,twitter,,,
,,,,,@needacoin,twitter,,,
,,,,,,twitter,,,
,,,,,@ripster47,twitter,,,
,,,,,@healthy_pockets,twitter,,,
,,,,,@NoobOfCryptos,twitter,,,
,,,,,@WillyAlba_BC,twitter,,,
,,,,,@AsennaWealth,twitter,,,
,,,,,@CrimeCryptoTeam,twitter,,,
,,,,,@CredibleCrypto,twitter,,,
,,,,,@tradingroomapp,twitter,,,
,,,,,@BigChonis,twitter,,,
,,,,,@1Powerplayer,twitter,,,
,,,,,@SwingTradeBot,twitter,,,
,,,,,@Tickeron,twitter,,,
,,,,,@BillSPACman,twitter,,,
,,,,,@DJohnson_CPA,twitter,,,
,,,,,@SuperDuperInvst,twitter,,,
,,,,,@stocktalkweekly,twitter,,,
,,,,,@SpacGuru,twitter,,,
,,,,,@SpaCula,twitter,,,
,,,,,@ShackSpac,twitter,,,
,,,,,@KrisVerma88,twitter,,,
,,,,,@madaznfootballr,twitter,,,
,,,,,@OrionDepp,twitter,,,
,,,,,@Biotech_SD,twitter,,,
,,,,,@StockSwingAlert,twitter,,,
,,,,,@Nomadbullstreet,twitter,,,
,,,,,@_JaxCapital,twitter,,,
,,,,,@millennialscap,twitter,,,
,,,,,@haadtrading,twitter,,,
,,,,,@nxtplse,twitter,,,
,,,,,@ShortSqueezed1,twitter,,,
,,,,,@SUNNYLAND24,twitter,,,
,,,,,@Grolden87,twitter,,,
,,,,,@PythiaR,twitter,,,
,,,,,@InvestorsLive,twitter,,,
,,,,,@elkwood66,twitter,,,
,,,,,@realsheepwolf,twitter,,,
,,,,,@JRell274,twitter,,,
,,,,,@SpaceManTrades,twitter,,,
,,,,,@HDOGTX,twitter,,,
,,,,,@pennystockmomo,twitter,,,
,,,,,@realprophetable,twitter,,,
,,,,,@BullishFlex,twitter,,,
,,,,,@FinFreeFlex,twitter,,,
,,,,,@Flex__Trades,twitter,,,
,,,,,@kcprinters,twitter,,,
,,,,,@traderjon01,twitter,,,
,,,,,@MicrocapTrader,twitter,,,
,,,,,@IncredibleTrade,twitter,,,
,,,,,@super_trades,twitter,,,
,,,,,@TraderTexMex,twitter,,,
,,,,,"@BioRunUp",twitter,,,
,,,,,@BioStocks,twitter,,,
,,,,,"@JanniMore",twitter,,,
,,,,,@recervan,twitter,,,
,,,,,@BTrades23,twitter,,,
,,,,,@ABiggzHD,twitter,,,
,,,,,@BankTheTrade,twitter,,,
,,,,,@zoom530,twitter,,,
,,,,,@dannyvena,twitter,,,
,,,,,@james_carter89,twitter,,,
,,,,,@RedCoatChicago,twitter,,,
,,,,,@GetBenchmarkCo,twitter,,,
,,,,,@Hebryyy,twitter,,,
,,,,,@ZSC_Chain,twitter,,,
,,,,,@kfliptrader,twitter,,,
,,,,,@ThrowinTrades,twitter,,,
,,,,,@VGaykin,twitter,,,
,,,,,@KickoStocks,twitter,,,
,,,,,@Jcazz17,twitter,,,
,,,,,@pennystokgurus,twitter,,,
,,,,,@WhalePenny,twitter,,,
,,,,,@WalterWhiteOTC2,twitter,,,
,,,,,@DBTradePicks,twitter,,,
,,,,,@nirajhodler,twitter,,,
,,,,,@Benzinga,twitter,,,
,,,,,@CryptoWendyO,twitter,,,
,,,,,@CryptoFinally,twitter,,,
,,,,,@LassuytChristop,twitter,,,
,,,,,@RequestNetwork,twitter,,,
,,,,,@KyberNetwork,twitter,,,
,,,,,@0xProject,twitter,,,
,,,,,"@Neo_Blockchain
",twitter,,,
,,,,,@NEOnewstoday,twitter,,,
,,,,,@OntologyNetwork,twitter,,,
,,,,,@zilliqa,twitter,,,
,,,,,@RaydiumProtocol,twitter,,,
,,,,,@SatoshiLite,twitter,,,
,,,,,@Dashpay,twitter,,,
,,,,,@Thecryptomist,twitter,,,
,,,,,@PieceOfThePy,twitter,,,
,,,,,@OscarDarmawan,twitter,,,
,,,,,@ironman20054,twitter,,,
,,,,,@schorose,twitter,,,
,,,,,@TheCostSegGuru,twitter,,,
,,,,,@dx_helios,twitter,,,
,,,,,@Noted_Thanks_,twitter,,,
,,,,,@VinStacksCash,twitter,,,
,,,,,@hempacco,twitter,,,
,,,,,@MoonOverlord,twitter,,,
,,,,,@VentureCoinist,twitter,,,
,,,,,@SpacTiger,twitter,,,
,,,,,@JMacInvesting,twitter,,,
,,,,,@Mindwalletbody,twitter,,,
,,,,,@DavidNLefkowitz,twitter,,,
,,,,,@WarrantsTech,twitter,,,
,,,,,@sandiegosam,twitter,,,
,,,,,@MalibuInvest,twitter,,,
,,,,,@OphirGottlieb,twitter,,,
,,,,,@CMLviz,twitter,,,
,,,,,@JonahLupton,twitter,,,
,,,,,@mchaudhry82,twitter,,,
,,,,,@TradeOutLoud,twitter,,,
,,,,,@ItsAirplaneJane,twitter,,,
,,,,,@investorsdomain,twitter,,,
,,,,,@PuranTrades,twitter,,,
,,,,,@STEMLayer,twitter,,,
,,,,,@ToriiFinance,twitter,,,
,,,,,@GomaShibaToken,twitter,,,
,,,,,@NFTBomb,twitter,,,
,,,,,@SpacBobby,twitter,,,
,,,,,@HopiumSir,twitter,,,
,,,,,@moneyclubpromos,twitter,,,
,,,,,@onepunch_crypto,twitter,,,
,,,,,"@TJCobain
",twitter,,,
,,,,,@VentFinance,twitter,,,
,,,,,"@CMEGroup",twitter,,,
,,,,,@CryptoNextGem,twitter,,,
,,,,,@fuzionchain,twitter,,,
,,,,,@joterovila,twitter,,,
,,,,,@Eljaboom,twitter,,,
,,,,,@MEXC_Global,twitter,,,
,,,,,@MEXC_Fans,twitter,,,
,,,,,@MEXC_CEO,twitter,,,
,,,,,,twitter,,,
,,,,,@RedDogT3,twitter,,,
,,,,,,twitter,,,
,,,,,@ape_swap,twitter,,,
,,,,,@Jetfuelfinance,twitter,,,
,,,,,@duncan_jus,twitter,,,
,,,,,"@BHC_Happiness
",twitter,,,
,,,,,@beefyfinance,twitter,,,
,,,,,@CocosBCX,twitter,,,
,,,,,@MathWallet,twitter,,,
,,,,,@BitMartExchange,twitter,,,
,,,,,"@Hoo_exchange",twitter,,,
,,,,,@NftHero,twitter,,,
,,,,,@Hotbit_news,twitter,,,
,,,,,@CryptoIA_2020,twitter,,,
,,,,,@KoloopB,twitter,,,
,,,,,@defiqa3,twitter,,,
,,,,,"@magicbalancer
",twitter,,,
,,,,,@Wateenswap,twitter,,,
,,,,,@VarySafe,twitter,,,
,,,,,@DoveSwap,twitter,,,
,,,,,@CookiesSwap,twitter,,,
,,,,,@croxswap,twitter,,,
,,,,,"@NinjaGemz",twitter,,,
,,,,,@Airdrop_Exp,twitter,,,
,,,,,@DurodolaGHD,twitter,,,
,,,,,@giftedhandsGHD,twitter,,,
,,,,,@NFTmall,twitter,,,
,,,,,@DifoNetwork,twitter,,,
,,,,,@IbnSayed1122,twitter,,,
,,,,,@nirxcoin,twitter,,,
,,,,,@realPolkalab,twitter,,,
,,,,,@fesschain,twitter,,,
,,,,,@kucoincom,twitter,,,
,,,,,@AttentionToken,twitter,,,
,,,,,@krakenfx,twitter,,,
,,,,,@Gemini,twitter,,,
,,,,,@gate_io,twitter,,,
,,,,,@ElrondNetwork,twitter,,,
,,,,,@ElrondWarriors,twitter,,,
,,,,,@meetsung,twitter,,,
,,,,,@ExcaliburInv,twitter,,,
,,,,,@egy_icon,twitter,,,
,,,,,@3Stocksaday,twitter,,,
,,,,,@TradeSmartStock,twitter,,,
,,,,,@TradingKingEric,twitter,,,
,,,,,@ChartedInvests,twitter,,,
,,,,,@DWebTechSA,twitter,,,
,,,,,@CryptologicCat,twitter,,,
,,,,,@Swipe,twitter,,,
,,,,,@Joselito,twitter,,,
,,,,,@autofarmnetwork,twitter,,,
,,,,,@Goosedefi,twitter,,,
,,,,,@bakery_swap,twitter,,,
,,,,,@JulSwap,twitter,,,
,,,,,@JustLiquidity,twitter,,,
,,,,,@NFTOBR,twitter,,,
,,,,,@TuttiFruttiFi,twitter,,,
,,,,,@RealVoxFinance,twitter,,,
,,,,,@cr4zi3st,twitter,,,
,,,,,@walkeraki,twitter,,,
,,,,,@BscBond,twitter,,,
,,,,,@Swirgenetwork,twitter,,,
,,,,,@JGNDeFi,twitter,,,
,,,,,@News1Lead,twitter,,,
,,,,,@CryptoNoora,twitter,,,
,,,,,@MR_UNISWAP,twitter,,,
,,,,,@bullcryptonews1,twitter,,,
,,,,,@coin_trends,twitter,,,
,,,,,"@Defi_Shiller1",twitter,,,
,,,,,@taki_crypto,twitter,,,
,,,,,@cryptosheikh0,twitter,,,
,,,,,@CryptoBumble123,twitter,,,
,,,,,@BullyBearCCC,twitter,,,
,,,,,@realspacecows,twitter,,,
,,,,,@bnbxfinance,twitter,,,
,,,,,@CryptoTheBeast_,twitter,,,
,,,,,@CRYPTOPUNISHER_,twitter,,,
,,,,,@bitlord_king,twitter,,,
,,,,,@CryptoGaelic,twitter,,,
,,,,,@TheSecretOfLaw,twitter,,,
,,,,,@iamCryptoNerd,twitter,,,
,,,,,@RemiPromotes,twitter,,,
,,,,,@revolut20,twitter,,,
,,,,,@FobikOfficial,twitter,,,
,,,,,@xchaincapital,twitter,,,
,,,,,@bainesy4886,twitter,,,
,,,,,@eprotoken,twitter,,,
,,,,,@justinsuntron,twitter,,,
,,,,,@Tronfoundation,twitter,,,
,,,,,@WINkorg777,twitter,,,
,,,,,@bsc_daily,twitter,,,
,,,,,@BNBSwap,twitter,,,
,,,,,@FEGtoken,twitter,,,
,,,,,@_Russell_Mc,twitter,,,
,,,,,@Ste_Cha_FEG,twitter,,,
,,,,,@RTRcrypto,twitter,,,
,,,,,@NFTs_Group,twitter,,,
,,,,,@pepe_community,twitter,,,
,,,,,@canecoleman,twitter,,,
,,,,,@g_ham27,twitter,,,
,,,,,@ShawnWa95578801,twitter,,,
,,,,,"@cryptoneo17",twitter,,,
,,,,,@TheWonderGirl4,twitter,,,
,,,,,@hodl_gold,twitter,,,
,,,,,@bugginu1,twitter,,,
,,,,,@TheApeBilly,twitter,,,
,,,,,@CryptoBear21,twitter,,,
,,,,,@cryptocarti,twitter,,,
,,,,,@SatoshiRipper,twitter,,,
,,,,,@MobyCrypt,twitter,,,
,,,,,@877_now,twitter,,,
,,,,,@StockLizardKing,twitter,,,
,,,,,@Kam_Stocks,twitter,,,
,,,,,@cnote_1,twitter,,,
,,,,,@Treysingz3,twitter,,,
,,,,,@kingblehme,twitter,,,
,,,,,@suburbanaces,twitter,,,
,,,,,@Montana_Trades,twitter,,,
,,,,,@KingStTrading,twitter,,,
,,,,,@The_Analyst_81,twitter,,,
,,,,,@InvestiAnalyst,twitter,,,
,,,,,@MaxTheComrade,twitter,,,
,,,,,@AmitayYaniv,twitter,,,
,,,,,@StackInvesting,twitter,,,
,,,,,@Crussian17,twitter,,,
,,,,,@InvestmentTalkk,twitter,,,
,,,,,@InvestmentTalkk,twitter,,,
,,,,,@reshoftc,twitter,,,
,,,,,@MadMraket,twitter,,,
,,,,,@HedgeMind,twitter,,,
,,,,,@OpenOutcrier,twitter,,,
,,,,,@OptionsHawk,twitter,,,
,,,,,@OMillionaires,twitter,,,
,,,,,@GreekTrader777,twitter,,,
,,,,,@optionslion8,twitter,,,
,,,,,@WallStSai,twitter,,,
,,,,,@maginarydragons,twitter,,,
,,,,,@bostonchaahhts,twitter,,,
,,,,,@kpak82,twitter,,,
,,,,,@HulkCapital,twitter,,,
,,,,,@SunriseTrader,twitter,,,
,,,,,@AnthonyMaceroni,twitter,,,
,,,,,@JMVala_Trades,twitter,,,
,,,,,@HiddenPivots,twitter,,,
,,,,,@AlderLaneeggs,twitter,,,
,,,,,@drweeklyoptions,twitter,,,
,,,,,@DrStoxx,twitter,,,
,,,,,@harmongreg,twitter,,,
,,,,,@1nvestor,twitter,,,
,,,,,@gtlackey,twitter,,,
,,,,,@AnneMarieTrades,twitter,,,
,,,,,@seeitmarket,twitter,,,
,,,,,@sanglucci,twitter,,,
,,,,,@kunal00,twitter,,,
,,,,,@PatrickWalker56,twitter,,,
,,,,,@BornInvestor,twitter,,,
,,,,,@FradeDuarte,twitter,,,
,,,,,@FlosserInvest,twitter,,,
,,,,,@plantmath1,twitter,,,
,,,,,@LuoshengPeng,twitter,,,
,,,,,@GrowthStockDoc,twitter,,,
,,,,,@clueless_1337,twitter,,,
,,,,,@KermitCapital,twitter,,,
,,,,,@CiovaccoCapital,twitter,,,
,,,,,@ukarlewitz,twitter,,,
,,,,,@RiskReversal,twitter,,,
,,,,,@jfahmy,twitter,,,
,,,,,@LikeFolio,twitter,,,
,,,,,@ivanhoff2,twitter,,,
,,,,,@MarketSmith,twitter,,,
,,,,,@TraderLion_,twitter,,,
,,,,,@TmarketL,twitter,,,
,,,,,@Upticken,twitter,,,
,,,,,@CubbieBears,twitter,,,
,,,,,@RACFlash,twitter,,,
,,,,,@jennesscapital,twitter,,,
,,,,,@Scot1andT,twitter,,,
,,,,,@jaywhitcraft,twitter,,,
,,,,,@TCMLLC,twitter,,,
,,,,,@paulwimmers,twitter,,,
,,,,,@Badpak,twitter,,,
,,,,,@MadsC007,twitter,,,
,,,,,@aktieuniverset,twitter,,,
,,,,,@GunstPhilip,twitter,,,
,,,,,@HelgeLarsen2,twitter,,,
,,,,,@dennisc230,twitter,,,
,,,,,@blakedavis50,twitter,,,
,,,,,@Trader_mcaruso,twitter,,,
,,,,,@LeifSoreide,twitter,,,
,,,,,@stageanalysis,twitter,,,
,,,,,@nextbigtrade,twitter,,,
,,,,,@badcharts1,twitter,,,
,,,,,@TheLastDegree,twitter,,,
,,,,,@GoldSwitzerland,twitter,,,
,,,,,@CryptoWhale,twitter,,,
,,,,,@PostyXBT,twitter,,,
,,,,,@MacnBTC,twitter,,,
,,,,,@TheEuroSniper,twitter,,,
,,,,,@Altcointraders_,twitter,,,
,,,,,@CanteringClark,twitter,,,
,,,,,@nebraskangooner,twitter,,,
,,,,,@rektcapital,twitter,,,
,,,,,"@thecryptomonk",twitter,,,
,,,,,@SatoshiFlipper,twitter,,,
,,,,,@CryptoLimbo_,twitter,,,
,,,,,@Hayess5178,twitter,,,
,,,,,@crypto_Off,twitter,,,
,,,,,@DTCcryptotrades,twitter,,,
,,,,,@Timeless_Crypto,twitter,,,
,,,,,@theo_crypto99,twitter,,,
,,,,,@jowyang,twitter,,,
,,,,,@CryptoWizardd,twitter,,,
,,,,,@MacroCRG,twitter,,,
,,,,,@tedtalksmacro,twitter,,,
,,,,,@MacroUnpuzzled,twitter,,,
,,,,,@Crypto_Chase,twitter,,,
,,,,,@PARABOLIT,twitter,,,
,,,,,@cointradernik,twitter,,,
,,,,,@Crypto_Ed_NL,twitter,,,
,,,,,@FatihSK87,twitter,,,
,,,,,@onemanatatime,twitter,,,
,,,,,@MagUraCrypto,twitter,,,
,,,,,@jackfru1t,twitter,,,
,,,,,@flyingheadofbtc,twitter,,,
,,,,,@CollinCrypto,twitter,,,
,,,,,@Sicarious_,twitter,,,
,,,,,@CryptoHustle,twitter,,,
,,,,,@CryptOrca,twitter,,,
,,,,,@bitcoin_dad,twitter,,,
,,,,,"@Coin_Shark",twitter,,,
,,,,,@tehMoonwalkeR,twitter,,,
,,,,,@oddgems,twitter,,,
,,,,,@scoinaldo,twitter,,,
,,,,,@cryptotutor,twitter,,,
,,,,,@bonzocorleonee,twitter,,,
,,,,,@anambroid,twitter,,,
,,,,,@FLOWInvesting,twitter,,,
,,,,,@GraniteGods,,,,
,,,,,@BloomiClean,,,,
,,,,,@TVOGInc,,,,
,,,,,@BenFrankLedger,,,,
,,,,,@TigerHawk4life,,,,
,,,,,@KarenGartner2,,,,
,,,,,@slay369,,,,
,,,,,@Aronphl,,,,
,,,,,@StimulusPKG822,,,,
,,,,,@stock_slayer,,,,
,,,,,@bnp3116,,,,
,,,,,@Fitz10061,,,,
,,,,,@FaiJam3,,,,
,,,,,@Rise2ShineLife,,,,
,,,,,@JoeDTrader,,,,
,,,,,@PowellKeif,,,,
,,,,,@paulie_trades,,,,
,,,,,@SRV_1975,,,,
,,,,,@UScroogetrading,,,,
,,,,,@manwolfofwallst,,,,
,,,,,@trade_dr,,,,
,,,,,@Nonoogiveaways,,,,
,,,,,@AwakeeFN,,,,
,,,,,@PSYBioLife,,,,
,,,,,@unusual_whales,,,,
,,,,,@ElsaToDaMoon,,,,
,,,,,@Prophitcy,,,,
,,,,,@glockied,,,,
,,,,,@StockDreamss,,,,
,,,,,@nataouii,,,,
,,,,,@Dougie_dee,,,,
,,,,,@RJTtrades,,,,
,,,,,@XxYaBoiSeebxX,,,,
,,,,,@tfinancialcloud,,,,
,,,,,@TayTrades11,,,,
,,,,,@sweatystonks,,,,
,,,,,@dnvemon,,,,
,,,,,@Tomikazi1,,,,
,,,,,@TheATMTrades,,,,
,,,,,@thomascwatts,,,,
,,,,,@FaryalgGohar,,,,
,,,,,@ChartingTrends,,,,
,,,,,@Tischendorf,,,,
,,,,,@DanZanger,,,,
,,,,,"@austinsilverfx",,,,
,,,,,@TeCLaro,,,,
,,,,,@RyanRozbiani,,,,
,,,,,@GarageTrading,,,,
,,,,,@Merican_Sniper,,,,
,,,,,@Bish_Picks,,,,
,,,,,@MysteryMan_777,,,,
,,,,,@PennyStockPower,,,,
,,,,,@BullFlexDaily,,,,
,,,,,@Dwyanosaurus,,,,
,,,,,@IGOSODAMNHAM,,,,
,,,,,@korinek_trades,,,,
,,,,,@TradingThomas3,,,,
,,,,,@KobeissiLetter,,,,
,,,,,@MFHoz,,,,
,,,,,@NorthmanTrader,,,,
,,,,,"@SoccerMomTrades
",,,,
,,,,,@jam_croissant,,,,
,,,,,@VesperFi,,,,
,,,,,@CreamdotFinance,,,,
,,,,,@SushiSwap,,,,
,,,,,@CurveFinance,,,,
,,,,,@bloqinc,,,,
,,,,,@MatthewRoszak,,,,
,,,,,@pbartstephens,,,,
,,,,,@pat_hennessy,,,,
,,,,,@vixologist,,,,
,,,,,@6_Figure_Invest,,,,
,,,,,@VixCentral,,,,
,,,,,@TradeVolatility,,,,
,,,,,@CoinsPaid_Media,,,,
,,,,,@Burst_Of_Energy,,,,
,,,,,@JDogg_Capital,,,,
,,,,,@ChartShark22,,,,
,,,,,@PreyaCo,,,,
,,,,,@RavenDusk1,,,,
,,,,,@ThePennyLounge,,,,
,,,,,@SaraGoingUp,,,,
,,,,,@SteevoTrader,,,,
,,,,,@MrSamuelPowers,,,,
,,,,,@Shannons3322,,,,
,,,,,@Crunch1up,,,,
,,,,,@Stocks824,,,,
,,,,,@OTCPlayers,,,,
,,,,,@wcrash655,,,,
,,,,,@TradinOptions,,,,
,,,,,@Channel_Trader,,,,
,,,,,@iLuvpennypicks,,,,
,,,,,@bestdamnpennies,,,,
,,,,,@PennyStockGeeks,,,,
,,,,,@cctradess,,,,
,,,,,@HEPennypack,,,,
,,,,,@BodaciousTrade,,,,
,,,,,@Scottspg1033,,,,
,,,,,@Philips_247,,,,
,,,,,@boudin32745287,,,,
,,,,,@oilermanhockey,,,,
,,,,,@BinDaddys,,,,
,,,,,@HOSS_Stocks,,,,
,,,,,@GMTech4,,,,
,,,,,@pennycheck,,,,
,,,,,@beamin1,,,,
,,,,,@toptick82,,,,
,,,,,@GreenPennyTweet,,,,
,,,,,@DOUGHBOY_P,,,,
,,,,,@DoomLog,,,,
,,,,,@GainsDayTrades,,,,
,,,,,@tripsmoolamoola,,,,
,,,,,@LesleyRHafalia,,,,
,,,,,@LoveToTrade2,,,,
,,,,,@ecgreendays,,,,
,,,,,@MoonMarket_,,,,
,,,,,@BerkshireCapGrp,,,,
,,,,,@shawonsarker84,,,,
,,,,,@HawkHoldings,,,,
,,,,,@MONEYEMPIRE,,,,
,,,,,@76enz,,,,